customer_id,age,location,tenure_months,account_balance,avg_monthly_deposits,avg_monthly_withdrawals,days_since_last_transaction,customer_support_tickets,churned
CUS_TR_0000,26,Entebbe,31,175325.61,138430.39,3918.51,20,1,1
CUS_TR_0001,42,Jinja,15,172720.74,5184.16,117458.79,21,0,1
CUS_TR_0002,21,Dar es Salaam,13,700700.72,633731.8,62150.17,11,0,0
CUS_TR_0003,57,Entebbe,43,135090.41,35931.94,348870.91,19,1,0
CUS_TR_0004,41,Kampala,1,896951.01,417784.73,467844.37,23,0,1
CUS_TR_0005,33,Nairobi,7,662514.06,54670.97,33527.21,7,0,0
CUS_TR_0006,66,Kampala,51,41660.71,200758.97,9430.2,19,1,0
CUS_TR_0007,28,Kampala,35,106760.59,112927.62,7705.92,8,0,0
CUS_TR_0008,48,Mbarara,10,212077.61,92995.37,202779.91,25,1,0
CUS_TR_0009,70,Entebbe,29,1139215.47,34395.05,152704.04,14,0,0
CUS_TR_0010,52,Entebbe,11,442398.84,973795.52,121664.41,13,1,0
CUS_TR_0011,71,Mbarara,42,123560.9,41633.58,25737.17,28,0,1
CUS_TR_0012,20,Jinja,36,713411.88,108898.22,312381.36,28,0,0
CUS_TR_0013,52,Kampala,46,1143211.03,5135.15,92023.93,4,1,0
CUS_TR_0014,32,Nairobi,31,662353.37,359107.2,104041.96,19,1,1
CUS_TR_0015,52,Dar es Salaam,23,224089.98,3783.71,9642.51,7,0,1
CUS_TR_0016,67,Kampala,48,850693.04,50851.26,212363.6,1,1,0
CUS_TR_0017,66,Kampala,59,1210334.04,292845.98,168807.79,22,0,0
CUS_TR_0018,42,Jinja,45,72197.11,126792.8,63727.73,25,0,1
CUS_TR_0019,33,Kampala,1,127466.71,159229.05,31200.45,9,0,0
CUS_TR_0020,54,Nairobi,23,640757.11,151079.59,41392.7,20,0,0
CUS_TR_0021,61,Dar es Salaam,27,163498.71,280148.33,302545.07,12,0,0
CUS_TR_0022,34,Kampala,52,1044407.25,30138.33,5404.82,23,0,0
CUS_TR_0023,27,Nairobi,58,706610.06,116158.15,71974.81,13,1,0
CUS_TR_0024,47,Kampala,17,10209.76,77380.94,565515.58,10,0,0
CUS_TR_0025,40,Nairobi,42,422239.33,191349.72,541141.65,14,0,0
CUS_TR_0026,20,Kampala,57,433366.03,57707.02,30813.12,16,0,0
CUS_TR_0027,45,Kampala,11,149652.79,310802.65,229352.23,23,0,0
CUS_TR_0028,62,Kampala,23,261529.71,511747.13,16630.97,28,1,1
CUS_TR_0029,22,Nairobi,1,157261.56,447663.97,45910.99,21,2,1
CUS_TR_0030,49,Nairobi,44,72479.86,28575.26,46507.67,25,0,0
CUS_TR_0031,19,Nairobi,41,288912.21,35068.92,36357.69,7,0,0
CUS_TR_0032,31,Nairobi,12,492144.19,83036.5,163010.16,29,0,0
CUS_TR_0033,71,Kampala,9,438654.29,248756.42,134329.45,2,0,0
CUS_TR_0034,37,Kampala,52,1790273.67,55587.11,340655.63,5,0,1
CUS_TR_0035,54,Kampala,14,1184315.03,27548.57,106730.33,28,1,1
CUS_TR_0036,22,Jinja,16,355007.64,96588.97,470149.89,4,0,0
CUS_TR_0037,45,Nairobi,17,122565.65,50764.97,2443.2,20,1,0
CUS_TR_0038,21,Dar es Salaam,27,477175.9,159753.36,262844.5,12,0,0
CUS_TR_0039,25,Kampala,13,349773.68,9548.28,87056.59,6,1,0
CUS_TR_0040,67,Kampala,9,66197.15,170994.6,186358.25,8,0,0
CUS_TR_0041,65,Entebbe,32,381691.89,193220.47,88805.46,7,0,1
CUS_TR_0042,19,Kampala,45,1649302.62,873557.69,20521.15,17,0,0
CUS_TR_0043,32,Kampala,10,635054.41,30571.74,438546.81,11,0,0
CUS_TR_0044,73,Kampala,38,21310.4,69692.05,1756.28,21,0,0
CUS_TR_0045,25,Kampala,20,1746771.32,30755.3,174201.18,1,3,0
CUS_TR_0046,34,Entebbe,22,132161.08,199851.24,173917.37,9,0,0
CUS_TR_0047,20,Dar es Salaam,14,1656534.99,319615.71,230963.52,21,0,0
CUS_TR_0048,59,Kampala,8,316756.06,489561.92,21821.86,29,0,0
CUS_TR_0049,48,Kampala,13,1988926.77,38655.69,193816.15,0,2,0
CUS_TR_0050,37,Kampala,59,110401.61,169148.61,79103.64,15,0,0
CUS_TR_0051,52,Nairobi,28,860605.16,269164.45,67031.22,5,1,0
CUS_TR_0052,71,Dar es Salaam,45,1029494.68,559676.43,257045.81,11,2,0
CUS_TR_0053,45,Jinja,24,557324.77,386507.7,119321.22,3,2,0
CUS_TR_0054,74,Kampala,39,74411.13,26597.69,93274.94,26,1,1
CUS_TR_0055,64,Kampala,30,23141.36,312692.36,85898.21,14,1,0
CUS_TR_0056,67,Kampala,53,356485.56,189082.43,143243.88,15,0,0
CUS_TR_0057,48,Jinja,43,636541.31,285139.82,281352.67,14,0,0
CUS_TR_0058,66,Kampala,45,1171013.75,291635.85,43823.93,24,0,1
CUS_TR_0059,65,Kampala,51,45075.16,371183.35,22484.24,4,0,0
CUS_TR_0060,57,Entebbe,32,462855.16,340331.29,119915.29,27,0,0
CUS_TR_0061,63,Kampala,12,1091883.24,345201.72,109375.62,16,1,0
CUS_TR_0062,56,Kampala,15,67365.94,50781.08,130828.18,12,1,0
CUS_TR_0063,62,Kampala,34,693603.13,108404.38,255380.32,4,0,0
CUS_TR_0064,36,Nairobi,21,2803208.75,110827.95,291569.39,29,0,0
CUS_TR_0065,18,Kampala,26,464454.38,75223.23,143506.19,19,1,1
CUS_TR_0066,74,Kampala,25,850177.4,323095.81,25670.08,15,0,0
CUS_TR_0067,52,Kampala,24,283337.11,133463.67,44195.87,5,0,1
CUS_TR_0068,71,Kampala,35,345938.78,469945.71,71953.05,24,1,0
CUS_TR_0069,28,Kampala,1,1445523.04,15568.01,62140.1,25,0,0
CUS_TR_0070,35,Kampala,45,217030.87,101663.42,31996.03,28,1,0
CUS_TR_0071,26,Kampala,50,1287998.56,539221.4,135508.37,10,0,0
CUS_TR_0072,31,Nairobi,29,45200.87,526219.8,9674.5,1,1,1
CUS_TR_0073,60,Mbarara,3,1971054.54,483145.13,42551.43,29,1,1
CUS_TR_0074,48,Nairobi,41,485582.72,265340.89,39414.92,5,1,0
CUS_TR_0075,35,Kampala,34,341663.42,578260.01,48456.85,29,0,1
CUS_TR_0076,71,Kampala,21,125820.07,189332.27,403952.28,11,0,0
CUS_TR_0077,22,Kampala,42,264385.87,77486.38,104645.5,3,0,0
CUS_TR_0078,68,Entebbe,23,667155.65,63538.46,154248.3,4,1,1
CUS_TR_0079,58,Kampala,35,181714.56,68630.22,335920.73,29,1,0
CUS_TR_0080,45,Nairobi,5,3651281.46,57060.85,243817.25,14,0,0
CUS_TR_0081,45,Kampala,23,32618.88,684600.87,234651.94,1,0,0
CUS_TR_0082,37,Kampala,28,456719.54,135805.73,49751.47,26,0,1
CUS_TR_0083,71,Kampala,54,1327110.52,283882.45,191520.92,11,0,0
CUS_TR_0084,32,Kampala,10,400647.58,231338.15,56206.29,21,0,0
CUS_TR_0085,18,Kampala,10,364194.15,107811.5,120952.09,2,1,0
CUS_TR_0086,31,Kampala,24,93941.09,420899.91,292955.09,16,1,0
CUS_TR_0087,30,Kampala,46,67781.91,32762.35,86546.61,5,0,0
CUS_TR_0088,60,Kampala,27,122422.2,111148.76,268527.92,11,2,0
CUS_TR_0089,21,Dar es Salaam,33,142972.12,195223.92,326428.86,9,0,0
CUS_TR_0090,24,Nairobi,35,156314.94,72149.67,15518.62,3,0,0
CUS_TR_0091,21,Mbarara,36,150051.62,306567.66,113184.09,0,1,0
CUS_TR_0092,38,Kampala,36,53405.28,114543.0,19491.9,13,0,1
CUS_TR_0093,33,Kampala,24,343971.71,31079.54,151356.31,19,2,0
CUS_TR_0094,28,Dar es Salaam,26,88103.4,46677.09,43065.0,4,1,0
CUS_TR_0095,41,Nairobi,12,137571.49,107478.71,20921.29,18,0,1
CUS_TR_0096,72,Kampala,51,448684.25,509582.49,240361.83,29,0,1
CUS_TR_0097,65,Nairobi,41,743779.99,71204.71,57899.92,26,0,1
CUS_TR_0098,21,Kampala,5,245103.57,454802.65,119264.02,16,0,0
CUS_TR_0099,59,Jinja,47,615960.22,311388.99,281875.64,22,1,0
CUS_TR_0100,66,Dar es Salaam,44,148011.11,44279.27,48181.68,27,1,0
CUS_TR_0101,70,Kampala,17,189697.81,63368.34,702580.84,27,2,1
CUS_TR_0102,61,Dar es Salaam,35,1562743.8,71674.9,138321.75,21,0,1
CUS_TR_0103,54,Mbarara,27,738853.59,234233.86,181381.14,29,0,0
CUS_TR_0104,23,Kampala,13,1647901.19,125609.41,233890.77,26,1,1
CUS_TR_0105,25,Kampala,50,365926.65,45198.36,47271.45,12,0,0
CUS_TR_0106,56,Dar es Salaam,41,566446.87,226611.91,340319.14,10,1,0
CUS_TR_0107,40,Kampala,32,234426.58,364922.59,7766.01,28,0,0
CUS_TR_0108,48,Jinja,26,79399.46,11107.46,87521.04,24,1,0
CUS_TR_0109,52,Mbarara,36,13413.27,165793.97,61893.85,26,0,1
CUS_TR_0110,60,Kampala,8,574293.82,100490.22,116239.74,22,2,1
CUS_TR_0111,38,Kampala,22,442877.75,97120.14,120102.76,0,0,0
CUS_TR_0112,49,Kampala,46,971083.12,8804.9,166952.79,16,0,0
CUS_TR_0113,68,Nairobi,18,525898.74,207542.84,313446.25,2,0,0
CUS_TR_0114,63,Jinja,24,180960.24,649772.06,7183.3,18,0,1
CUS_TR_0115,73,Entebbe,11,2238391.74,143169.58,78590.6,5,1,0
CUS_TR_0116,30,Kampala,39,155851.19,117481.27,517741.1,16,0,0
CUS_TR_0117,51,Mbarara,38,407641.19,104416.71,55391.13,27,0,0
CUS_TR_0118,56,Kampala,45,472714.66,200046.76,10170.07,6,0,0
CUS_TR_0119,60,Kampala,26,72440.91,96136.29,63941.96,6,0,0
CUS_TR_0120,40,Kampala,13,56869.61,127423.63,348688.53,18,0,0
CUS_TR_0121,18,Dar es Salaam,18,60079.47,33384.95,254693.82,13,0,0
CUS_TR_0122,73,Kampala,31,222399.85,93902.01,18125.84,22,1,0
CUS_TR_0123,52,Kampala,22,264206.27,148452.9,182461.23,14,2,0
CUS_TR_0124,37,Kampala,47,1263042.03,81021.65,11247.32,28,0,0
CUS_TR_0125,71,Kampala,28,758567.03,355368.68,147906.95,29,1,1
CUS_TR_0126,22,Kampala,48,1787929.74,98907.59,131266.76,5,0,1
CUS_TR_0127,68,Kampala,45,74413.42,280228.83,7847.62,10,1,0
CUS_TR_0128,22,Kampala,45,374698.4,172800.39,34090.28,10,0,0
CUS_TR_0129,53,Kampala,43,147093.83,207289.82,202376.53,6,0,1
CUS_TR_0130,41,Jinja,52,1563175.48,307448.74,88665.21,15,1,0
CUS_TR_0131,27,Kampala,37,159845.52,206837.09,25481.71,25,0,0
CUS_TR_0132,66,Mbarara,40,1372503.97,324226.68,119247.53,23,0,1
CUS_TR_0133,66,Jinja,39,741532.96,78077.66,164662.58,8,0,0
CUS_TR_0134,39,Nairobi,12,325134.22,359727.64,37009.45,25,0,1
CUS_TR_0135,43,Mbarara,57,648289.51,140655.35,4105.02,23,0,0
CUS_TR_0136,72,Kampala,13,70341.84,218037.18,221294.25,5,0,0
CUS_TR_0137,24,Gulu,18,171907.58,167103.02,260221.42,0,1,0
CUS_TR_0138,55,Jinja,8,1149299.27,369959.84,107970.85,4,0,0
CUS_TR_0139,56,Kampala,59,1015666.3,268276.72,9409.22,7,0,0
CUS_TR_0140,70,Jinja,1,116430.0,32545.51,168295.42,16,1,0
CUS_TR_0141,57,Kampala,53,1760940.97,70033.06,306074.25,10,0,0
CUS_TR_0142,61,Dar es Salaam,26,1825831.9,639120.23,105507.8,14,1,0
CUS_TR_0143,48,Kampala,9,500895.45,396177.48,203088.15,22,0,1
CUS_TR_0144,69,Dar es Salaam,55,98027.7,89150.4,206449.87,17,0,0
CUS_TR_0145,48,Gulu,40,537710.41,296313.26,424871.16,0,0,1
CUS_TR_0146,20,Kampala,20,147320.72,7268.08,622.56,11,0,0
CUS_TR_0147,69,Kampala,54,205795.15,202117.55,114070.6,17,0,0
CUS_TR_0148,42,Kampala,41,495305.91,32411.18,372477.97,7,0,0
CUS_TR_0149,73,Dar es Salaam,19,2037672.08,43191.13,28276.55,22,1,1
CUS_TR_0150,35,Nairobi,45,63193.33,197299.1,157670.45,14,0,0
CUS_TR_0151,63,Kampala,51,1147618.86,98087.57,313886.74,17,1,0
CUS_TR_0152,55,Kampala,2,830636.12,67313.92,197798.69,2,0,0
CUS_TR_0153,43,Kampala,48,854665.2,141573.24,78851.61,8,0,0
CUS_TR_0154,63,Kampala,18,348127.64,117332.19,229019.47,3,0,0
CUS_TR_0155,53,Kampala,17,997600.17,53607.82,22668.55,28,0,1
CUS_TR_0156,34,Kampala,46,11018.56,402484.11,134637.03,11,0,0
CUS_TR_0157,30,Dar es Salaam,48,1587403.22,81433.11,10228.19,5,3,0
CUS_TR_0158,40,Kampala,53,105865.09,61120.18,90019.84,3,0,0
CUS_TR_0159,36,Nairobi,33,114402.94,24829.3,80009.91,4,1,0
CUS_TR_0160,63,Dar es Salaam,25,281721.7,162408.13,722328.54,25,0,1
CUS_TR_0161,62,Gulu,59,9010.82,285186.58,42095.27,2,2,1
CUS_TR_0162,21,Kampala,36,196029.44,12934.91,414797.39,18,1,0
CUS_TR_0163,46,Kampala,8,272228.9,141540.31,38317.9,26,1,0
CUS_TR_0164,49,Jinja,6,1119847.45,128974.18,28441.15,27,0,1
CUS_TR_0165,38,Kampala,52,754039.48,37756.48,163887.96,18,1,0
CUS_TR_0166,28,Gulu,28,461342.87,59938.88,36927.06,8,0,0
CUS_TR_0167,26,Nairobi,44,278701.61,97255.18,624379.78,17,0,0
CUS_TR_0168,43,Dar es Salaam,5,4331.87,151177.27,394467.98,9,1,1
CUS_TR_0169,26,Jinja,58,127068.4,37569.23,107173.98,29,0,0
CUS_TR_0170,48,Nairobi,53,21821.67,176951.1,1130.96,27,1,1
CUS_TR_0171,30,Kampala,12,212717.26,18078.68,70091.18,6,0,0
CUS_TR_0172,71,Kampala,5,459678.55,31897.2,10980.69,2,1,0
CUS_TR_0173,36,Kampala,9,2187572.08,217589.81,126850.92,28,1,0
CUS_TR_0174,47,Kampala,18,174377.36,221167.31,410738.7,21,0,0
CUS_TR_0175,73,Kampala,19,749160.39,122944.9,259104.52,14,0,0
CUS_TR_0176,46,Entebbe,15,597750.43,8057.12,312238.05,20,1,0
CUS_TR_0177,62,Kampala,43,32108.77,384138.61,38635.71,9,0,0
CUS_TR_0178,71,Jinja,44,200195.98,7442.26,227957.36,19,1,0
CUS_TR_0179,18,Kampala,55,545070.69,13415.31,2786.25,16,0,1
CUS_TR_0180,27,Gulu,39,1458623.05,169009.97,162503.84,14,0,0
CUS_TR_0181,58,Entebbe,55,327656.94,290372.89,150304.77,7,2,0
CUS_TR_0182,72,Jinja,43,13656.82,209082.63,187901.51,17,0,0
CUS_TR_0183,46,Kampala,39,241377.3,66608.39,88649.52,26,0,1
CUS_TR_0184,20,Gulu,48,259664.22,199011.88,27497.89,8,1,0
CUS_TR_0185,34,Nairobi,50,57069.1,4108.85,19885.99,9,1,0
CUS_TR_0186,23,Nairobi,38,189388.31,372731.1,28113.74,15,0,0
CUS_TR_0187,69,Kampala,51,41618.89,51936.23,265774.37,0,0,0
CUS_TR_0188,44,Nairobi,26,67162.8,99040.26,281017.86,17,0,0
CUS_TR_0189,52,Kampala,22,314075.48,28608.44,25144.14,5,2,0
CUS_TR_0190,21,Mbarara,39,327509.38,315776.96,64011.38,17,0,0
CUS_TR_0191,48,Kampala,44,146716.48,237982.48,31745.33,22,1,0
CUS_TR_0192,32,Nairobi,30,373608.18,11020.33,17961.88,16,1,0
CUS_TR_0193,72,Nairobi,25,1292750.09,382142.48,205009.28,13,0,0
CUS_TR_0194,31,Kampala,44,841364.82,17019.14,7524.35,2,0,0
CUS_TR_0195,38,Nairobi,58,830305.38,764307.24,30154.19,7,0,1
CUS_TR_0196,19,Kampala,44,405337.51,233238.43,174795.97,15,0,0
CUS_TR_0197,32,Kampala,6,327454.24,435645.32,288516.5,17,1,0
CUS_TR_0198,69,Kampala,22,388665.01,78927.57,118538.71,11,0,1
CUS_TR_0199,51,Kampala,48,539695.46,18551.85,43236.99,4,0,0
CUS_TR_0200,38,Jinja,46,88709.04,87261.48,7294.37,15,1,0
CUS_TR_0201,58,Jinja,34,342059.13,8617.46,124540.88,18,0,0
CUS_TR_0202,42,Mbarara,13,204750.36,147567.45,73090.6,23,1,1
CUS_TR_0203,47,Nairobi,34,538375.12,402940.85,84590.77,20,1,0
CUS_TR_0204,46,Entebbe,32,37363.38,437789.21,30304.46,9,0,1
CUS_TR_0205,36,Kampala,49,344374.0,42399.63,68307.8,22,0,1
CUS_TR_0206,36,Kampala,26,882239.73,790786.52,117258.57,7,0,0
CUS_TR_0207,25,Kampala,4,241687.73,184655.08,41712.75,7,0,0
CUS_TR_0208,48,Nairobi,31,635835.11,420408.83,490957.07,25,0,1
CUS_TR_0209,20,Nairobi,14,1244532.74,65282.07,105059.79,24,1,0
CUS_TR_0210,67,Jinja,50,154417.23,273777.69,6499.72,3,0,0
CUS_TR_0211,20,Kampala,58,1653699.33,191671.43,41737.11,9,0,0
CUS_TR_0212,41,Kampala,41,1497146.6,137912.73,99624.31,23,0,1
CUS_TR_0213,35,Kampala,26,156107.1,495804.73,33295.09,4,1,0
CUS_TR_0214,63,Gulu,53,730235.66,11275.08,331714.37,16,0,0
CUS_TR_0215,44,Kampala,25,998645.76,92023.93,102030.01,25,1,0
CUS_TR_0216,47,Kampala,18,554350.06,160307.81,67673.74,18,0,0
CUS_TR_0217,50,Dar es Salaam,29,182270.75,65406.55,65626.82,5,0,0
CUS_TR_0218,28,Kampala,31,445896.69,189999.93,263347.73,27,0,1
CUS_TR_0219,71,Kampala,9,1376752.4,16100.41,19432.61,17,1,0
CUS_TR_0220,48,Nairobi,56,693795.17,61563.66,161887.25,19,0,0
CUS_TR_0221,21,Kampala,49,39152.42,770030.75,150454.45,10,1,0
CUS_TR_0222,46,Nairobi,50,663246.77,60626.31,93334.34,17,1,0
CUS_TR_0223,55,Nairobi,9,742359.43,622471.74,33049.44,18,1,0
CUS_TR_0224,36,Kampala,49,151721.84,90909.61,42962.91,11,0,0
CUS_TR_0225,56,Entebbe,27,990575.62,162642.7,73807.06,7,1,0
CUS_TR_0226,35,Kampala,19,70785.74,135531.04,180224.44,7,0,1
CUS_TR_0227,28,Jinja,48,138498.02,149537.76,111228.51,1,0,0
CUS_TR_0228,31,Kampala,34,473589.12,210607.01,34023.39,18,1,0
CUS_TR_0229,35,Kampala,46,21932.15,198570.72,148812.79,21,1,1
CUS_TR_0230,71,Kampala,50,11789.46,727422.01,324229.13,27,2,0
CUS_TR_0231,43,Kampala,12,373705.14,6801.35,5191.51,27,0,0
CUS_TR_0232,20,Dar es Salaam,52,220872.89,373027.47,66612.67,14,1,0
CUS_TR_0233,33,Gulu,58,197649.99,51777.03,10262.71,8,0,0
CUS_TR_0234,62,Kampala,5,1099417.89,31148.73,70640.17,0,0,0
CUS_TR_0235,29,Kampala,36,12639.8,528844.31,227558.02,14,2,0
CUS_TR_0236,55,Entebbe,45,46372.57,359384.57,76142.2,29,0,0
CUS_TR_0237,62,Jinja,26,301197.0,32100.92,2030.29,2,1,0
CUS_TR_0238,56,Nairobi,56,443087.93,23904.5,113598.02,29,1,0
CUS_TR_0239,70,Dar es Salaam,36,56587.83,233472.03,277811.3,14,0,0
CUS_TR_0240,40,Nairobi,6,358401.33,33778.58,248151.74,29,1,0
CUS_TR_0241,73,Kampala,5,1894717.18,8154.46,136954.4,23,1,1
CUS_TR_0242,41,Kampala,34,197949.07,331922.92,419410.44,3,0,0
CUS_TR_0243,69,Nairobi,39,496226.45,248051.35,25304.2,18,0,0
CUS_TR_0244,66,Kampala,6,1209969.34,55070.16,48640.64,1,0,0
CUS_TR_0245,68,Dar es Salaam,20,409624.66,637780.54,75.07,8,0,0
CUS_TR_0246,71,Kampala,16,568354.73,201851.9,241262.04,24,0,1
CUS_TR_0247,35,Kampala,48,269556.06,170050.97,30079.72,13,1,0
CUS_TR_0248,19,Kampala,17,337226.29,143610.73,28744.08,2,0,0
CUS_TR_0249,60,Gulu,32,481843.77,256542.88,197188.7,21,1,1
CUS_TR_0250,47,Kampala,22,514935.47,19833.75,358399.73,0,1,0
CUS_TR_0251,62,Kampala,44,875531.8,111418.12,481795.03,29,0,0
CUS_TR_0252,34,Kampala,30,297592.02,63725.1,47259.49,29,1,1
CUS_TR_0253,69,Kampala,31,425167.32,789891.28,263563.24,0,1,0
CUS_TR_0254,72,Kampala,23,8739.22,55202.5,235482.55,29,0,1
CUS_TR_0255,73,Kampala,35,684024.19,12850.82,87107.79,9,0,0
CUS_TR_0256,37,Nairobi,10,253794.06,153052.05,52108.75,8,0,0
CUS_TR_0257,72,Kampala,46,769202.47,98997.15,81385.42,19,0,0
CUS_TR_0258,54,Jinja,1,380026.88,421232.09,136646.05,25,0,1
CUS_TR_0259,60,Nairobi,30,729713.19,170076.31,185977.26,16,1,0
CUS_TR_0260,74,Gulu,16,46850.89,16382.18,91382.88,25,0,0
CUS_TR_0261,72,Kampala,29,43272.14,77629.04,244565.12,12,1,0
CUS_TR_0262,55,Kampala,44,245640.38,684777.55,12651.87,15,0,0
CUS_TR_0263,66,Kampala,17,197406.51,180881.66,122618.91,7,0,0
CUS_TR_0264,34,Kampala,35,1751428.53,110124.72,429283.85,21,1,1
CUS_TR_0265,71,Gulu,34,240919.7,235819.58,22897.03,7,0,0
CUS_TR_0266,67,Kampala,16,400441.59,189848.53,180146.55,19,2,0
CUS_TR_0267,53,Kampala,15,576914.75,109686.98,86385.49,2,0,0
CUS_TR_0268,20,Mbarara,26,476190.79,579474.59,132938.31,29,0,1
CUS_TR_0269,53,Jinja,17,80985.64,796522.17,168913.48,27,0,0
CUS_TR_0270,35,Jinja,24,1044756.36,46229.11,71849.72,12,1,1
CUS_TR_0271,34,Kampala,37,598210.28,31496.59,203146.64,21,0,0
CUS_TR_0272,24,Dar es Salaam,23,5332.14,116611.56,19189.74,8,1,0
CUS_TR_0273,71,Kampala,27,147069.3,8071.98,1524.33,12,1,0
CUS_TR_0274,52,Kampala,15,553783.26,65961.1,191987.54,18,0,0
CUS_TR_0275,50,Mbarara,43,126199.48,128989.37,22084.17,3,1,0
CUS_TR_0276,65,Nairobi,56,10273.38,107774.93,86495.8,20,0,0
CUS_TR_0277,66,Kampala,23,813586.12,141999.23,140521.15,12,2,0
CUS_TR_0278,27,Kampala,20,218794.1,308787.98,247498.73,13,0,0
CUS_TR_0279,67,Kampala,23,313258.18,93302.82,65773.35,6,0,0
CUS_TR_0280,71,Entebbe,9,808.02,110606.92,167238.87,22,1,1
CUS_TR_0281,65,Kampala,57,641958.14,26931.34,511259.82,10,0,0
CUS_TR_0282,52,Kampala,33,19811.95,273780.92,356890.35,18,0,0
CUS_TR_0283,21,Kampala,58,172594.22,625839.08,9501.56,11,2,0
CUS_TR_0284,56,Nairobi,19,40804.58,215113.95,89274.06,18,2,0
CUS_TR_0285,29,Kampala,46,418681.09,121838.93,290859.11,12,1,0
CUS_TR_0286,67,Dar es Salaam,14,721906.42,37416.13,14469.81,24,0,1
CUS_TR_0287,47,Dar es Salaam,39,54426.9,186800.37,106282.83,24,2,0
CUS_TR_0288,54,Kampala,26,654923.58,17897.92,174958.97,24,0,0
CUS_TR_0289,47,Dar es Salaam,24,47138.59,284566.79,253042.19,25,0,0
CUS_TR_0290,21,Kampala,40,1505448.59,205696.25,436170.73,12,1,0
CUS_TR_0291,44,Kampala,16,33159.06,339400.14,254282.98,25,0,0
CUS_TR_0292,67,Kampala,42,84139.4,583783.24,569648.23,16,0,0
CUS_TR_0293,70,Jinja,24,83731.74,96874.08,14557.38,22,0,1
CUS_TR_0294,54,Gulu,5,25555.06,23963.99,57510.87,10,0,1
CUS_TR_0295,27,Kampala,7,699204.78,702273.52,6346.6,19,0,0
CUS_TR_0296,49,Kampala,23,140041.1,116956.56,160135.14,13,2,0
CUS_TR_0297,39,Kampala,28,349713.26,393934.99,105604.47,17,0,0
CUS_TR_0298,72,Kampala,3,952647.36,14725.26,35372.49,15,0,0
CUS_TR_0299,46,Nairobi,3,583364.22,848331.32,51588.25,19,3,0
CUS_TR_0300,69,Kampala,29,1467858.05,54683.77,66541.35,28,0,0
CUS_TR_0301,22,Entebbe,24,113207.31,129970.18,194637.95,10,0,0
CUS_TR_0302,37,Kampala,59,873043.22,254759.24,374617.3,14,1,1
CUS_TR_0303,73,Kampala,13,1207437.93,270360.6,52991.62,6,0,0
CUS_TR_0304,25,Kampala,42,44727.71,194617.6,269215.09,14,2,0
CUS_TR_0305,47,Nairobi,24,676056.91,379047.87,38517.69,1,0,0
CUS_TR_0306,68,Gulu,59,58111.19,256271.17,439968.23,7,0,0
CUS_TR_0307,54,Jinja,54,824407.71,329063.49,160286.38,20,0,0
CUS_TR_0308,60,Kampala,22,54549.89,99617.19,11486.57,27,0,1
CUS_TR_0309,31,Dar es Salaam,25,230413.78,21418.31,6837.78,22,0,0
CUS_TR_0310,66,Kampala,30,718072.2,134241.16,347381.83,6,0,0
CUS_TR_0311,36,Kampala,15,6648.82,1296301.28,237836.33,0,1,0
CUS_TR_0312,50,Kampala,3,462170.85,57331.61,416662.82,1,1,0
CUS_TR_0313,56,Kampala,4,18762.22,108947.51,88723.76,15,0,0
CUS_TR_0314,58,Kampala,57,68875.47,304640.69,683126.3,5,1,0
CUS_TR_0315,67,Kampala,33,60346.77,395813.83,39982.98,7,0,0
CUS_TR_0316,71,Dar es Salaam,15,255755.33,5430.04,32440.85,22,1,0
CUS_TR_0317,47,Nairobi,50,15354.39,65158.33,56670.23,10,1,0
CUS_TR_0318,32,Entebbe,1,250911.12,95879.12,72682.1,20,0,0
CUS_TR_0319,56,Nairobi,49,895348.62,99385.35,46375.6,21,1,0
CUS_TR_0320,70,Kampala,37,265718.94,247472.73,119595.66,16,1,0
CUS_TR_0321,40,Kampala,1,435469.76,129530.25,15445.22,7,0,1
CUS_TR_0322,55,Kampala,34,910322.8,195068.24,99657.22,27,0,0
CUS_TR_0323,18,Nairobi,22,109481.99,5402.16,111337.59,0,0,0
CUS_TR_0324,58,Dar es Salaam,4,99182.17,154514.5,220656.07,10,1,0
CUS_TR_0325,58,Kampala,46,453417.56,265480.44,104892.71,17,0,0
CUS_TR_0326,55,Gulu,24,53541.01,93963.09,136518.34,6,0,0
CUS_TR_0327,59,Kampala,59,100643.11,151030.08,168361.1,3,0,0
CUS_TR_0328,62,Kampala,30,488799.88,190403.12,60512.3,12,1,0
CUS_TR_0329,37,Dar es Salaam,5,433968.64,89683.32,300905.83,10,4,0
CUS_TR_0330,30,Dar es Salaam,57,139877.32,6857.22,156551.68,17,0,0
CUS_TR_0331,20,Kampala,23,12597.08,111935.73,336764.87,17,0,0
CUS_TR_0332,31,Gulu,43,499132.86,49090.68,32906.65,19,0,0
CUS_TR_0333,74,Kampala,51,672231.48,248358.88,240903.2,27,0,0
CUS_TR_0334,41,Entebbe,45,693424.58,118114.01,320794.04,11,1,0
CUS_TR_0335,19,Kampala,31,439329.25,363622.39,36744.8,5,0,0
CUS_TR_0336,22,Kampala,13,1861526.47,105100.03,55725.51,6,0,0
CUS_TR_0337,72,Kampala,57,8815.33,185672.97,62464.55,22,2,0
CUS_TR_0338,18,Kampala,37,564868.36,194574.83,289435.97,2,0,0
CUS_TR_0339,41,Gulu,2,34411.83,65247.05,59899.63,7,0,0
CUS_TR_0340,37,Nairobi,23,1572977.68,236948.54,167130.97,2,0,0
CUS_TR_0341,28,Jinja,29,402629.52,92634.93,174030.54,17,0,0
CUS_TR_0342,59,Dar es Salaam,28,38777.0,156834.38,93405.58,27,0,1
CUS_TR_0343,19,Gulu,8,294663.48,118027.32,213381.66,25,0,0
CUS_TR_0344,20,Nairobi,27,3134.26,326157.42,240020.34,28,0,0
CUS_TR_0345,41,Kampala,21,420470.63,371150.9,4404.66,17,0,1
CUS_TR_0346,30,Mbarara,1,1165725.21,113245.8,23182.08,5,1,1
CUS_TR_0347,57,Kampala,58,388682.95,42838.78,190176.3,17,0,0
CUS_TR_0348,72,Kampala,40,480915.1,12540.18,67008.64,29,0,0
CUS_TR_0349,54,Nairobi,35,28152.41,64876.93,278852.57,23,0,0
CUS_TR_0350,53,Kampala,36,954663.24,86503.16,56342.08,12,1,1
CUS_TR_0351,53,Kampala,48,39056.59,145134.02,33092.25,13,0,1
CUS_TR_0352,44,Kampala,31,43894.86,89995.13,70916.75,24,0,1
CUS_TR_0353,37,Kampala,35,382905.85,301424.36,234089.76,13,0,1
CUS_TR_0354,22,Entebbe,19,373805.88,448640.68,70612.83,0,2,0
CUS_TR_0355,57,Jinja,5,395535.36,608972.71,103479.12,18,0,0
CUS_TR_0356,41,Jinja,50,119550.98,501703.07,23620.89,4,0,0
CUS_TR_0357,28,Nairobi,24,125220.18,122514.81,876938.64,4,0,0
CUS_TR_0358,33,Nairobi,41,81127.05,124637.03,432866.31,15,0,0
CUS_TR_0359,46,Nairobi,44,338348.7,213099.46,236063.26,5,0,0
CUS_TR_0360,70,Kampala,58,189368.02,77672.3,5092.29,11,1,0
CUS_TR_0361,62,Kampala,34,261814.44,1044.82,100047.7,25,0,0
CUS_TR_0362,31,Jinja,21,252309.02,211793.25,185532.88,16,1,0
CUS_TR_0363,51,Dar es Salaam,18,259842.0,61292.12,187077.02,2,0,0
CUS_TR_0364,33,Nairobi,29,688209.38,134729.55,73171.32,2,1,0
CUS_TR_0365,35,Kampala,18,31046.92,218671.4,148190.51,14,0,0
CUS_TR_0366,42,Kampala,22,851269.93,785542.09,154587.62,15,1,0
CUS_TR_0367,41,Kampala,1,285961.3,401769.2,104994.12,22,1,0
CUS_TR_0368,60,Dar es Salaam,11,93979.65,358010.57,97506.15,4,1,0
CUS_TR_0369,74,Kampala,20,251603.33,202728.51,274086.63,20,1,0
CUS_TR_0370,26,Kampala,45,462211.35,109382.75,376071.84,18,3,1
CUS_TR_0371,58,Kampala,1,1022694.23,29084.62,11659.56,23,1,1
CUS_TR_0372,31,Jinja,24,4484.78,140130.15,294021.79,13,0,0
CUS_TR_0373,65,Kampala,11,2692067.34,309946.99,807662.81,16,1,0
CUS_TR_0374,73,Dar es Salaam,6,983829.01,25861.92,8378.22,10,2,0
CUS_TR_0375,63,Jinja,43,1070208.03,232906.94,252272.29,28,0,0
CUS_TR_0376,43,Dar es Salaam,14,259901.29,546638.54,62901.47,2,1,0
CUS_TR_0377,66,Kampala,21,198905.74,93018.62,297054.37,19,0,0
CUS_TR_0378,49,Kampala,57,495223.9,633529.77,30406.92,22,0,0
CUS_TR_0379,28,Kampala,30,529724.87,11111.79,35909.92,16,0,0
CUS_TR_0380,56,Kampala,22,128558.57,202903.61,138809.34,3,1,0
CUS_TR_0381,34,Entebbe,18,655577.85,99105.72,823380.5,0,0,0
CUS_TR_0382,41,Jinja,2,339831.68,11771.39,85485.0,0,3,1
CUS_TR_0383,38,Nairobi,51,915969.36,10505.79,53826.18,9,0,0
CUS_TR_0384,55,Mbarara,9,33286.23,981934.09,59648.65,16,0,0
CUS_TR_0385,35,Jinja,53,80544.79,667416.51,15791.88,28,1,0
CUS_TR_0386,33,Kampala,9,27097.85,128457.98,91313.99,4,0,0
CUS_TR_0387,39,Kampala,45,39452.25,136296.2,143416.23,3,0,0
CUS_TR_0388,71,Kampala,5,752516.09,14692.43,24552.09,5,0,0
CUS_TR_0389,37,Kampala,7,942651.4,77670.21,18489.04,29,0,1
CUS_TR_0390,38,Kampala,5,405917.81,549642.16,181453.58,10,0,0
CUS_TR_0391,21,Gulu,27,391805.92,3473.21,93044.9,11,1,0
CUS_TR_0392,72,Gulu,55,457006.24,420768.66,577.3,18,0,0
CUS_TR_0393,55,Kampala,14,162670.29,142953.12,111634.73,14,0,0
CUS_TR_0394,28,Kampala,47,305743.34,67381.68,158808.29,7,1,1
CUS_TR_0395,29,Kampala,8,690944.89,456155.29,261327.27,14,0,0
CUS_TR_0396,66,Kampala,50,1023274.87,106415.26,48227.14,21,0,1
CUS_TR_0397,66,Gulu,7,275272.25,48766.12,216689.52,13,1,0
CUS_TR_0398,24,Nairobi,10,720351.64,374617.72,66763.51,17,0,0
CUS_TR_0399,44,Gulu,16,494520.39,139890.77,303766.14,10,0,0
CUS_TR_0400,35,Kampala,27,1673217.78,201730.58,119386.56,4,0,0
CUS_TR_0401,59,Kampala,57,527485.96,132766.99,51725.43,15,0,0
CUS_TR_0402,30,Nairobi,8,390761.4,189260.73,184314.38,10,0,0
CUS_TR_0403,26,Jinja,19,4856.12,103800.75,356551.9,29,2,0
CUS_TR_0404,18,Kampala,44,289419.93,233444.51,206170.99,13,0,0
CUS_TR_0405,69,Kampala,26,175877.5,256232.21,5669.8,27,0,1
CUS_TR_0406,48,Kampala,40,843974.38,425425.07,13264.62,27,0,1
CUS_TR_0407,64,Kampala,59,263355.42,154364.05,96014.72,18,0,1
CUS_TR_0408,36,Kampala,45,1061500.95,65984.64,278979.46,17,2,1
CUS_TR_0409,45,Kampala,49,936374.23,169747.91,247552.97,3,3,1
CUS_TR_0410,60,Kampala,1,161850.47,28424.64,45928.04,9,0,0
CUS_TR_0411,24,Nairobi,49,343267.37,54535.59,67131.06,18,1,0
CUS_TR_0412,71,Kampala,41,600150.4,839084.8,13683.06,21,1,0
CUS_TR_0413,70,Jinja,59,119036.11,253610.61,143673.91,13,0,0
CUS_TR_0414,55,Kampala,16,550512.13,76094.38,78865.53,16,1,0
CUS_TR_0415,57,Kampala,13,2940514.26,65720.27,122622.38,29,1,0
CUS_TR_0416,69,Kampala,52,1034935.36,160239.01,9208.48,9,0,0
CUS_TR_0417,50,Kampala,26,279763.33,384759.2,194633.26,29,0,0
CUS_TR_0418,63,Kampala,52,67680.27,143162.23,41774.9,16,0,0
CUS_TR_0419,57,Entebbe,17,1502791.04,227216.94,100506.67,27,0,1
CUS_TR_0420,42,Kampala,13,533384.4,75174.8,33961.46,0,0,0
CUS_TR_0421,68,Nairobi,32,169759.76,6220.05,91904.0,25,0,0
CUS_TR_0422,64,Dar es Salaam,26,181221.6,246027.58,107002.27,10,0,0
CUS_TR_0423,34,Dar es Salaam,55,11410.44,430066.82,3453.26,28,0,0
CUS_TR_0424,23,Kampala,21,508170.9,154343.97,15316.14,23,0,0
CUS_TR_0425,34,Dar es Salaam,6,21920.5,145985.27,143480.81,24,0,0
CUS_TR_0426,52,Kampala,46,435964.15,230141.84,7492.65,11,0,0
CUS_TR_0427,35,Kampala,55,329929.63,473469.55,226813.82,0,0,0
CUS_TR_0428,40,Kampala,3,510953.44,87682.77,327753.27,10,2,0
CUS_TR_0429,34,Kampala,6,1271506.9,8175.08,224924.92,16,0,0
CUS_TR_0430,65,Entebbe,44,66517.44,5759.5,7001.46,24,0,0
CUS_TR_0431,21,Dar es Salaam,12,754814.47,369717.13,44543.18,14,1,0
CUS_TR_0432,73,Kampala,31,19819.06,349804.43,6559.47,6,0,0
CUS_TR_0433,69,Kampala,46,53274.14,413431.7,145153.49,22,0,1
CUS_TR_0434,30,Kampala,34,241364.52,82125.79,16679.96,0,0,0
CUS_TR_0435,43,Jinja,33,1729329.8,712450.77,12037.59,20,0,0
CUS_TR_0436,23,Kampala,11,105365.33,121329.68,47822.98,7,0,0
CUS_TR_0437,20,Kampala,4,104308.91,358341.0,110722.62,26,0,1
CUS_TR_0438,18,Kampala,45,548154.56,326532.47,48676.27,24,2,1
CUS_TR_0439,63,Nairobi,44,687269.65,388145.51,258311.2,25,1,0
CUS_TR_0440,27,Nairobi,53,110206.67,172655.16,119284.88,8,1,0
CUS_TR_0441,31,Kampala,21,148993.03,5336.27,129152.82,5,0,0
CUS_TR_0442,21,Dar es Salaam,24,1607596.7,129946.68,56404.1,29,0,1
CUS_TR_0443,33,Entebbe,30,484198.63,534119.29,195053.81,22,1,1
CUS_TR_0444,72,Kampala,8,158596.8,288369.62,177227.5,29,0,0
CUS_TR_0445,36,Nairobi,21,404205.76,399136.06,360820.48,3,0,0
CUS_TR_0446,38,Nairobi,35,1864474.52,72001.04,90866.95,4,0,0
CUS_TR_0447,33,Jinja,39,85047.05,354358.98,320138.93,21,0,1
CUS_TR_0448,31,Kampala,18,634518.08,115668.42,316083.1,22,2,0
CUS_TR_0449,29,Kampala,18,402735.1,115464.16,254597.59,25,0,0
CUS_TR_0450,67,Jinja,5,103699.46,630925.33,389595.22,5,0,0
CUS_TR_0451,42,Nairobi,24,125412.68,29509.36,160227.19,27,0,1
CUS_TR_0452,55,Nairobi,24,426530.06,101807.72,80333.11,0,0,0
CUS_TR_0453,35,Kampala,48,253947.01,75917.82,78195.55,3,0,0
CUS_TR_0454,38,Entebbe,33,108363.05,267516.55,440810.33,23,0,1
CUS_TR_0455,57,Nairobi,41,241729.06,130257.51,40130.9,29,0,1
CUS_TR_0456,56,Jinja,31,81967.89,36224.86,89791.97,5,0,0
CUS_TR_0457,55,Gulu,33,282311.09,88705.89,99940.21,19,0,0
CUS_TR_0458,42,Nairobi,22,45873.16,394062.67,129974.94,27,0,1
CUS_TR_0459,37,Mbarara,9,591357.35,220381.47,4713.05,0,0,0
CUS_TR_0460,45,Kampala,39,544777.46,211365.78,179155.43,8,0,0
CUS_TR_0461,39,Kampala,18,311454.35,151731.5,48830.23,9,0,0
CUS_TR_0462,18,Dar es Salaam,24,61131.42,24336.01,32398.83,27,1,0
CUS_TR_0463,27,Nairobi,48,346550.67,77286.61,9830.06,18,2,0
CUS_TR_0464,63,Nairobi,12,111037.66,20538.58,78419.03,23,0,1
CUS_TR_0465,19,Dar es Salaam,23,384602.13,274883.5,225823.32,18,0,0
CUS_TR_0466,54,Nairobi,31,1194602.32,2608.09,231890.97,14,0,0
CUS_TR_0467,69,Kampala,30,237302.98,273355.5,304843.59,5,0,0
CUS_TR_0468,51,Mbarara,54,479856.34,403349.46,140129.68,24,0,1
CUS_TR_0469,50,Kampala,3,1345240.02,9905.47,321516.42,21,1,0
CUS_TR_0470,40,Entebbe,50,333603.97,18288.5,85964.72,10,0,0
CUS_TR_0471,44,Nairobi,44,266922.74,5601.5,112794.62,23,1,1
CUS_TR_0472,40,Kampala,29,257105.23,112863.1,132582.63,2,0,0
CUS_TR_0473,46,Jinja,51,474843.4,55747.18,366026.86,14,1,0
CUS_TR_0474,24,Kampala,32,498730.54,684492.46,144246.54,7,0,0
CUS_TR_0475,48,Kampala,17,873467.15,103736.22,129685.65,13,0,0
CUS_TR_0476,21,Kampala,22,516009.39,198496.92,277194.89,1,1,0
CUS_TR_0477,46,Jinja,57,513071.26,249398.16,163182.99,28,0,0
CUS_TR_0478,53,Kampala,32,6919.22,116524.83,63530.76,25,2,0
CUS_TR_0479,49,Kampala,10,696878.22,21812.14,152611.04,16,0,0
CUS_TR_0480,37,Jinja,42,330663.81,418646.48,73636.85,12,0,0
CUS_TR_0481,73,Kampala,33,76694.39,306138.37,262402.96,22,0,0
CUS_TR_0482,68,Kampala,12,144168.93,204735.11,194594.85,29,0,1
CUS_TR_0483,70,Kampala,34,130810.56,44439.24,161342.9,0,1,1
CUS_TR_0484,59,Dar es Salaam,11,160954.16,24139.83,297711.77,22,2,0
CUS_TR_0485,32,Nairobi,53,345759.41,67547.91,136154.87,18,0,0
CUS_TR_0486,68,Nairobi,40,678213.1,32274.91,31832.2,13,0,0
CUS_TR_0487,64,Kampala,53,63530.37,203823.05,340301.66,5,1,0
CUS_TR_0488,25,Jinja,54,330234.43,45391.28,28961.01,14,0,0
CUS_TR_0489,67,Kampala,45,169134.11,569394.43,104688.3,13,0,0
CUS_TR_0490,68,Nairobi,37,126769.22,21062.91,178054.28,23,0,1
CUS_TR_0491,58,Kampala,11,565924.33,93156.19,107867.99,23,0,1
CUS_TR_0492,31,Dar es Salaam,34,124286.24,39713.82,202198.04,14,0,0
CUS_TR_0493,30,Nairobi,34,1325432.9,34350.47,353070.71,5,0,0
CUS_TR_0494,53,Kampala,13,45733.31,504608.31,152317.06,16,0,0
CUS_TR_0495,20,Kampala,39,231864.79,56515.6,56460.42,14,0,0
CUS_TR_0496,61,Kampala,8,385386.89,155672.44,289617.77,6,0,0
CUS_TR_0497,36,Kampala,30,520286.75,135309.07,69818.33,16,1,0
CUS_TR_0498,53,Gulu,41,429293.98,297236.69,240805.26,0,1,1
CUS_TR_0499,20,Kampala,54,667507.93,102409.46,100334.81,9,0,0
CUS_TR_0500,73,Kampala,58,466256.16,227249.7,79522.75,14,0,0
CUS_TR_0501,50,Kampala,12,1482101.74,58997.63,217568.37,11,0,0
CUS_TR_0502,24,Gulu,19,603977.48,33772.92,106400.79,14,0,0
CUS_TR_0503,43,Kampala,14,57883.52,44806.12,55736.26,15,0,0
CUS_TR_0504,49,Kampala,18,704643.3,328823.75,186786.66,29,0,1
CUS_TR_0505,61,Kampala,3,94474.55,21724.21,294558.38,22,3,1
CUS_TR_0506,74,Jinja,22,387813.97,495637.63,172792.04,23,0,0
CUS_TR_0507,36,Kampala,58,845001.04,169014.17,104621.17,10,0,1
CUS_TR_0508,30,Kampala,45,197959.32,508519.64,314243.37,21,1,0
CUS_TR_0509,35,Jinja,1,289803.26,73066.16,144878.02,3,1,0
CUS_TR_0510,51,Nairobi,10,20606.06,55896.46,48754.95,27,0,0
CUS_TR_0511,20,Kampala,57,928122.45,25172.39,222608.47,6,0,0
CUS_TR_0512,61,Dar es Salaam,6,45290.05,165222.74,76934.81,1,0,0
CUS_TR_0513,48,Kampala,31,46445.91,157203.74,94297.42,6,0,0
CUS_TR_0514,36,Kampala,6,161926.64,233480.11,98007.64,9,0,0
CUS_TR_0515,56,Nairobi,14,137179.42,55624.96,116637.78,14,1,0
CUS_TR_0516,62,Kampala,31,1039621.35,529224.4,565765.17,11,1,0
CUS_TR_0517,20,Kampala,28,87772.34,27073.62,80337.41,9,0,0
CUS_TR_0518,54,Kampala,18,2194091.81,148554.18,79119.81,2,1,0
CUS_TR_0519,55,Jinja,12,12783.11,176735.5,42548.7,25,0,0
CUS_TR_0520,67,Kampala,15,507281.86,565322.01,387983.53,11,1,0
CUS_TR_0521,25,Nairobi,59,278158.31,175421.23,69611.42,23,1,1
CUS_TR_0522,55,Nairobi,9,377909.72,4861.62,28587.75,5,2,0
CUS_TR_0523,54,Kampala,48,1278972.82,601929.32,224183.87,18,0,0
CUS_TR_0524,66,Kampala,57,138017.01,1172625.03,193832.29,14,0,0
CUS_TR_0525,19,Nairobi,10,88232.74,15800.72,27981.6,29,1,0
CUS_TR_0526,39,Nairobi,16,372220.42,198436.92,151685.94,22,0,1
CUS_TR_0527,31,Dar es Salaam,32,18485.53,28785.82,9479.7,5,0,0
CUS_TR_0528,48,Kampala,48,979529.93,433760.24,89036.16,17,1,0
CUS_TR_0529,46,Gulu,36,850061.77,69700.96,161556.36,27,1,1
CUS_TR_0530,34,Entebbe,49,631338.51,283079.68,183375.0,29,0,0
CUS_TR_0531,35,Kampala,58,266891.42,138260.75,99120.59,24,0,0
CUS_TR_0532,50,Jinja,21,350781.99,35291.88,398051.95,20,1,0
CUS_TR_0533,38,Nairobi,56,1047828.03,180682.53,50299.8,27,0,0
CUS_TR_0534,53,Nairobi,8,323351.24,91016.91,16806.46,11,1,0
CUS_TR_0535,36,Gulu,35,713248.36,416078.35,215151.38,3,0,0
CUS_TR_0536,41,Kampala,15,270834.41,623672.81,40199.99,13,1,0
CUS_TR_0537,60,Kampala,21,197296.18,9965.33,85078.79,1,1,0
CUS_TR_0538,56,Nairobi,2,1069312.82,46000.98,176706.4,10,1,0
CUS_TR_0539,53,Kampala,21,130880.93,40541.78,102220.45,20,1,0
CUS_TR_0540,25,Kampala,22,110198.63,178863.76,83365.78,2,0,0
CUS_TR_0541,31,Kampala,26,235460.92,289969.9,640302.62,0,1,0
CUS_TR_0542,65,Gulu,52,9305.25,42122.54,3538.82,3,0,0
CUS_TR_0543,36,Kampala,48,249475.7,117896.94,70391.11,15,2,0
CUS_TR_0544,61,Kampala,41,618056.58,94812.39,226615.97,13,0,0
CUS_TR_0545,41,Kampala,9,89528.59,232132.06,40649.71,27,0,0
CUS_TR_0546,46,Kampala,59,349215.54,129008.37,25012.22,12,0,0
CUS_TR_0547,42,Nairobi,33,498536.83,200584.74,192361.47,3,3,1
CUS_TR_0548,39,Entebbe,48,200042.24,562958.4,305636.35,18,0,0
CUS_TR_0549,19,Kampala,44,448672.77,54365.06,245497.78,5,0,0
CUS_TR_0550,61,Gulu,57,807648.31,737.1,81963.22,16,1,0
CUS_TR_0551,48,Jinja,53,326205.52,66527.83,289238.97,18,0,0
CUS_TR_0552,46,Dar es Salaam,27,25325.83,268465.74,204214.22,26,0,0
CUS_TR_0553,45,Kampala,35,174630.96,101084.72,65213.51,10,0,0
CUS_TR_0554,59,Kampala,4,1204994.1,12986.42,64344.36,26,0,1
CUS_TR_0555,40,Dar es Salaam,49,533543.23,264999.58,283426.41,17,1,0
CUS_TR_0556,31,Dar es Salaam,6,279888.56,48607.7,401663.83,27,0,0
CUS_TR_0557,66,Kampala,49,1873629.61,68958.29,465335.89,14,0,0
CUS_TR_0558,43,Nairobi,29,70830.41,72259.71,497627.86,4,0,0
CUS_TR_0559,65,Kampala,48,1053494.4,197857.36,24907.1,6,0,0
CUS_TR_0560,27,Kampala,21,1186183.75,55049.92,94170.95,26,0,1
CUS_TR_0561,68,Nairobi,53,1453942.23,113857.91,164475.2,14,1,0
CUS_TR_0562,23,Nairobi,56,303104.58,584197.18,122608.89,23,0,0
CUS_TR_0563,68,Dar es Salaam,54,9065.58,182543.4,74656.31,4,0,0
CUS_TR_0564,60,Kampala,7,2177234.62,157087.91,20607.92,25,0,1
CUS_TR_0565,25,Kampala,44,298925.38,298874.24,236045.01,9,0,0
CUS_TR_0566,67,Nairobi,42,77871.91,3248.3,34125.74,23,0,0
CUS_TR_0567,32,Kampala,40,126738.33,141369.6,28405.62,1,2,0
CUS_TR_0568,44,Kampala,53,789361.48,437814.03,424854.22,2,0,0
CUS_TR_0569,19,Dar es Salaam,10,451889.96,77122.8,357608.36,5,1,0
CUS_TR_0570,25,Nairobi,37,387983.19,741343.98,219209.43,19,0,0
CUS_TR_0571,74,Dar es Salaam,54,6014.9,85558.07,16245.86,20,0,0
CUS_TR_0572,65,Entebbe,43,102927.55,40116.85,72754.57,9,2,0
CUS_TR_0573,67,Kampala,46,201220.25,22474.99,47731.7,29,0,0
CUS_TR_0574,58,Dar es Salaam,8,328708.57,299195.6,250646.52,5,1,0
CUS_TR_0575,68,Jinja,17,187119.4,13385.63,131774.39,27,1,0
CUS_TR_0576,44,Kampala,56,243320.5,115512.44,356571.18,2,1,0
CUS_TR_0577,36,Kampala,17,181437.6,77170.09,23283.34,5,0,0
CUS_TR_0578,34,Entebbe,9,268029.96,522109.26,186573.18,23,2,0
CUS_TR_0579,69,Kampala,32,1148990.55,104185.73,22274.01,10,1,0
CUS_TR_0580,61,Jinja,53,154085.39,62888.9,53219.13,13,0,0
CUS_TR_0581,41,Kampala,15,398233.37,38353.25,102762.47,3,1,0
CUS_TR_0582,28,Kampala,54,517999.35,49425.87,171011.15,9,1,0
CUS_TR_0583,22,Kampala,35,335384.09,215664.2,234520.79,18,0,0
CUS_TR_0584,57,Kampala,47,548180.45,74794.99,133259.61,29,0,0
CUS_TR_0585,65,Kampala,47,88773.21,16550.06,275953.34,4,1,0
CUS_TR_0586,52,Nairobi,43,895681.78,130671.4,97247.38,14,0,0
CUS_TR_0587,18,Kampala,2,86341.46,492042.74,65593.46,2,0,0
CUS_TR_0588,19,Entebbe,34,525436.33,216154.24,80874.73,7,0,0
CUS_TR_0589,37,Kampala,33,280477.59,162545.78,34257.45,6,0,0
CUS_TR_0590,22,Jinja,3,475749.27,154574.91,91310.77,16,0,0
CUS_TR_0591,59,Kampala,10,54926.89,27316.42,294690.7,12,2,0
CUS_TR_0592,24,Kampala,37,48253.92,114673.64,61342.92,15,0,0
CUS_TR_0593,55,Entebbe,39,242952.94,88292.11,90121.77,15,2,0
CUS_TR_0594,38,Kampala,50,403986.91,18299.19,10970.28,6,1,0
CUS_TR_0595,34,Kampala,37,1399813.87,46333.49,15040.16,15,1,0
CUS_TR_0596,30,Dar es Salaam,6,149818.12,513817.55,316275.89,19,0,0
CUS_TR_0597,55,Nairobi,41,429776.46,32025.23,226760.15,19,0,0
CUS_TR_0598,59,Kampala,32,962115.22,161745.4,32269.14,25,0,1
CUS_TR_0599,55,Kampala,2,326286.8,393528.94,11229.71,7,0,0
CUS_TR_0600,21,Kampala,4,568115.84,223125.94,6515.34,18,0,0
CUS_TR_0601,65,Kampala,52,9061.42,322906.54,387630.69,19,0,1
CUS_TR_0602,50,Kampala,2,88975.96,325179.41,94160.44,0,0,0
CUS_TR_0603,50,Kampala,28,257637.98,40634.84,335237.67,16,0,0
CUS_TR_0604,58,Nairobi,50,78730.26,29288.44,175382.8,18,0,0
CUS_TR_0605,40,Kampala,48,317138.5,436767.56,12419.06,6,0,0
CUS_TR_0606,58,Kampala,42,196903.18,9110.29,66977.27,29,0,1
CUS_TR_0607,46,Mbarara,9,428991.0,116853.45,127654.92,18,0,0
CUS_TR_0608,74,Kampala,1,47501.37,90694.17,265567.04,3,1,0
CUS_TR_0609,40,Nairobi,40,404141.69,91360.7,1684.74,3,0,0
CUS_TR_0610,56,Dar es Salaam,50,374143.53,65282.05,76215.21,29,1,1
CUS_TR_0611,19,Kampala,4,1068202.11,163163.25,76073.38,15,1,0
CUS_TR_0612,67,Kampala,22,194556.68,1098771.41,170971.24,0,1,0
CUS_TR_0613,47,Kampala,25,944202.1,85564.61,306569.61,27,1,0
CUS_TR_0614,45,Gulu,6,298800.93,46340.03,8459.98,5,1,0
CUS_TR_0615,25,Kampala,23,809057.4,84803.15,260690.78,13,1,0
CUS_TR_0616,63,Entebbe,36,97516.75,221404.54,64903.38,16,0,1
CUS_TR_0617,62,Kampala,53,339830.37,102714.85,643031.48,24,0,0
CUS_TR_0618,74,Kampala,23,617613.84,87197.77,50411.64,5,0,0
CUS_TR_0619,32,Nairobi,2,377985.5,28467.86,212793.77,23,0,0
CUS_TR_0620,23,Gulu,51,29686.86,164433.62,188101.37,18,2,1
CUS_TR_0621,50,Jinja,36,377859.61,41656.98,110572.87,12,0,0
CUS_TR_0622,49,Kampala,45,464538.6,260184.32,185078.12,15,1,0
CUS_TR_0623,74,Gulu,8,124498.7,30792.33,188585.58,18,1,0
CUS_TR_0624,45,Jinja,5,761051.48,202000.73,667594.43,26,0,0
CUS_TR_0625,51,Kampala,7,112684.94,41578.94,102473.3,29,1,0
CUS_TR_0626,48,Mbarara,50,350478.34,30280.29,455203.97,28,1,0
CUS_TR_0627,32,Jinja,42,402424.13,439907.13,280619.02,21,1,1
CUS_TR_0628,60,Kampala,34,265917.31,13276.43,11287.41,3,0,1
CUS_TR_0629,46,Kampala,51,850415.44,86785.05,133639.59,4,0,0
CUS_TR_0630,71,Kampala,22,314085.94,63188.92,417511.93,3,0,0
CUS_TR_0631,67,Kampala,20,454197.48,39631.45,374503.23,10,0,0
CUS_TR_0632,41,Jinja,18,188781.63,36424.93,191451.81,16,0,0
CUS_TR_0633,47,Mbarara,51,1223623.96,454057.94,142056.89,3,2,1
CUS_TR_0634,35,Kampala,33,50655.72,166272.04,43033.31,22,1,1
CUS_TR_0635,68,Kampala,29,65663.65,114326.26,51570.78,18,0,0
CUS_TR_0636,56,Dar es Salaam,21,1252067.92,58815.1,77198.3,15,1,0
CUS_TR_0637,64,Nairobi,38,81634.59,36845.47,14296.07,28,1,0
CUS_TR_0638,23,Kampala,41,3939937.38,62829.38,5134.03,26,0,1
CUS_TR_0639,25,Kampala,37,407735.04,129441.76,8856.29,24,0,1
CUS_TR_0640,22,Kampala,42,108158.33,118376.38,140775.11,20,0,0
CUS_TR_0641,41,Kampala,42,264483.28,248818.62,28390.75,22,1,1
CUS_TR_0642,20,Kampala,40,973342.68,403264.77,284204.9,27,0,0
CUS_TR_0643,37,Kampala,7,540380.4,115607.3,327063.81,3,0,0
CUS_TR_0644,40,Dar es Salaam,27,764171.01,264014.4,267897.81,29,0,1
CUS_TR_0645,36,Jinja,2,666593.83,742015.75,70751.78,5,0,0
CUS_TR_0646,52,Kampala,39,444723.04,124941.55,109565.84,5,2,0
CUS_TR_0647,70,Kampala,52,792014.75,53841.53,173482.41,29,0,0
CUS_TR_0648,37,Kampala,42,379673.73,48448.77,63793.93,1,0,0
CUS_TR_0649,30,Kampala,50,72411.41,273639.17,8609.95,27,0,0
CUS_TR_0650,29,Nairobi,37,399360.48,54105.01,104640.44,21,0,0
CUS_TR_0651,55,Kampala,12,2385103.54,36659.6,4393.18,8,0,0
CUS_TR_0652,33,Kampala,27,214155.42,43218.27,195432.34,11,0,0
CUS_TR_0653,27,Kampala,22,11385.77,59229.02,66680.32,7,1,1
CUS_TR_0654,67,Nairobi,32,229036.33,286622.49,240862.81,17,0,0
CUS_TR_0655,29,Nairobi,26,144546.56,429765.68,65853.0,9,1,0
CUS_TR_0656,48,Gulu,50,208755.31,106385.15,43986.58,3,1,0
CUS_TR_0657,23,Dar es Salaam,34,31691.99,166861.04,25068.25,26,0,0
CUS_TR_0658,19,Kampala,34,2926465.95,156524.69,92050.73,19,0,0
CUS_TR_0659,69,Jinja,22,850466.57,18985.3,3900.27,7,2,0
CUS_TR_0660,44,Kampala,54,620488.21,344824.56,31340.09,2,0,0
CUS_TR_0661,73,Nairobi,25,476683.67,172105.14,27910.93,9,0,0
CUS_TR_0662,69,Nairobi,3,981587.35,180587.37,58895.88,13,0,1
CUS_TR_0663,55,Nairobi,48,1647836.41,31723.03,361026.56,12,0,0
CUS_TR_0664,71,Kampala,4,1310782.22,243854.08,65215.06,12,0,0
CUS_TR_0665,66,Kampala,35,1268831.5,647848.16,72915.14,3,0,1
CUS_TR_0666,43,Nairobi,4,394416.56,29583.72,411675.65,13,2,0
CUS_TR_0667,54,Nairobi,53,676560.13,149052.95,855118.91,16,1,0
CUS_TR_0668,57,Kampala,35,1064074.12,27417.74,115594.55,1,0,0
CUS_TR_0669,36,Nairobi,58,62032.4,309550.42,67682.74,20,0,0
CUS_TR_0670,21,Nairobi,2,390794.13,172088.2,32047.97,8,0,0
CUS_TR_0671,51,Kampala,17,1428877.93,118288.44,233990.32,22,0,0
CUS_TR_0672,55,Jinja,14,51109.0,31669.58,18447.51,2,0,0
CUS_TR_0673,59,Mbarara,22,67770.5,143497.51,47015.9,1,1,0
CUS_TR_0674,71,Kampala,26,319998.15,203716.37,113443.11,1,0,0
CUS_TR_0675,24,Kampala,24,939584.63,178142.46,274049.46,21,0,1
CUS_TR_0676,66,Kampala,18,926570.93,479308.16,90102.99,20,0,0
CUS_TR_0677,32,Kampala,14,263215.28,263773.03,225753.08,6,1,0
CUS_TR_0678,36,Nairobi,18,322872.29,192153.2,428508.58,9,2,0
CUS_TR_0679,36,Kampala,23,805271.08,304678.7,520727.81,17,1,0
CUS_TR_0680,48,Dar es Salaam,25,178750.72,91985.15,77690.17,9,0,0
CUS_TR_0681,37,Entebbe,53,834511.15,60001.3,57756.88,26,1,0
CUS_TR_0682,38,Kampala,47,390283.95,34015.63,6511.53,29,0,0
CUS_TR_0683,27,Nairobi,37,190835.3,41996.04,159754.15,12,0,0
CUS_TR_0684,33,Kampala,54,1311230.9,119341.64,104102.2,13,0,0
CUS_TR_0685,62,Nairobi,59,1599017.97,254309.51,48896.1,17,1,0
CUS_TR_0686,31,Entebbe,54,341175.35,118194.92,260415.5,16,0,0
CUS_TR_0687,43,Entebbe,7,1942323.14,714462.1,168132.87,28,0,0
CUS_TR_0688,65,Nairobi,41,224779.67,34868.74,21715.2,1,0,0
CUS_TR_0689,55,Nairobi,3,726977.83,654815.18,253248.9,23,0,1
CUS_TR_0690,44,Nairobi,35,267462.64,93442.27,75262.38,10,1,0
CUS_TR_0691,64,Kampala,23,2217695.35,2053.11,154496.8,7,1,0
CUS_TR_0692,63,Entebbe,27,28705.76,320594.02,63903.22,14,0,0
CUS_TR_0693,71,Kampala,17,138068.86,1709.37,233800.11,16,1,0
CUS_TR_0694,64,Kampala,31,1066157.47,102249.55,366911.5,24,1,0
CUS_TR_0695,65,Kampala,21,313090.5,273974.12,157788.75,25,0,0
CUS_TR_0696,40,Nairobi,19,273475.85,79100.45,142666.79,11,0,0
CUS_TR_0697,67,Jinja,39,1160038.34,378200.26,216739.17,7,0,0
CUS_TR_0698,63,Kampala,11,80395.88,44701.72,22941.61,25,0,1
CUS_TR_0699,32,Mbarara,16,267412.1,280690.64,244826.98,21,0,1
CUS_TR_0700,62,Kampala,31,3986854.37,102269.2,55422.19,28,2,1
CUS_TR_0701,26,Entebbe,5,171606.69,142829.13,136323.42,7,0,0
CUS_TR_0702,47,Entebbe,30,220734.16,102874.36,551413.62,20,0,0
CUS_TR_0703,25,Jinja,58,643945.48,294553.0,322261.72,11,0,0
CUS_TR_0704,71,Gulu,43,1394282.52,416297.01,161158.75,3,0,0
CUS_TR_0705,54,Kampala,30,442329.72,65183.98,70955.41,11,0,0
CUS_TR_0706,18,Kampala,26,22375.81,370070.21,298209.11,12,0,0
CUS_TR_0707,57,Kampala,10,70704.68,306911.24,257089.69,22,1,1
CUS_TR_0708,52,Nairobi,55,724788.97,12719.46,119946.3,7,0,0
CUS_TR_0709,22,Dar es Salaam,16,601299.18,104978.04,356832.31,8,0,0
CUS_TR_0710,30,Jinja,49,1054541.1,29606.59,113941.67,12,0,0
CUS_TR_0711,58,Kampala,6,2607736.26,69095.03,414188.36,0,0,0
CUS_TR_0712,52,Kampala,38,1391151.79,101725.64,16501.19,6,0,0
CUS_TR_0713,47,Dar es Salaam,57,156563.57,319542.42,43406.85,13,1,0
CUS_TR_0714,50,Kampala,15,132638.3,11774.96,58692.48,0,0,0
CUS_TR_0715,33,Kampala,23,111744.88,200911.75,140574.33,28,1,0
CUS_TR_0716,36,Nairobi,12,212905.95,207302.37,133355.92,21,2,0
CUS_TR_0717,30,Kampala,20,300654.58,72602.9,95311.0,19,0,1
CUS_TR_0718,39,Kampala,37,30745.87,15292.93,26977.68,15,0,1
CUS_TR_0719,41,Jinja,23,1076674.26,240563.46,102688.28,6,1,0
CUS_TR_0720,21,Kampala,39,7768.31,503750.86,84970.18,13,0,0
CUS_TR_0721,65,Entebbe,13,41399.11,182819.26,34890.65,4,0,1
CUS_TR_0722,33,Kampala,23,158678.43,323681.19,156437.33,11,0,0
CUS_TR_0723,27,Dar es Salaam,24,989930.3,2033.58,64135.46,3,0,0
CUS_TR_0724,73,Kampala,46,368298.68,48130.94,41278.2,6,1,1
CUS_TR_0725,26,Kampala,48,94147.66,73989.57,87120.03,15,1,0
CUS_TR_0726,34,Dar es Salaam,19,50934.65,35015.52,42216.38,26,0,0
CUS_TR_0727,45,Kampala,19,240068.75,397982.31,403206.05,16,0,0
CUS_TR_0728,44,Nairobi,16,110870.25,61836.46,11063.56,1,2,0
CUS_TR_0729,72,Jinja,9,212996.1,5500.26,110703.53,9,2,1
CUS_TR_0730,45,Kampala,16,149436.77,36731.2,282137.74,2,0,0
CUS_TR_0731,42,Jinja,21,478013.63,294371.92,491331.8,14,0,0
CUS_TR_0732,58,Kampala,1,1290109.48,123491.27,35547.95,0,1,0
CUS_TR_0733,52,Kampala,48,400615.39,523544.79,4907.56,10,0,0
CUS_TR_0734,41,Dar es Salaam,58,290406.58,158126.69,187205.93,2,2,0
CUS_TR_0735,28,Dar es Salaam,42,981463.15,233377.42,275243.58,4,0,0
CUS_TR_0736,30,Kampala,12,75294.79,16550.72,203805.95,26,2,0
CUS_TR_0737,62,Dar es Salaam,17,692663.18,21259.12,91075.42,3,0,0
CUS_TR_0738,72,Kampala,20,99925.83,367499.48,218575.22,27,0,0
CUS_TR_0739,37,Jinja,45,1642602.6,80775.55,242937.09,29,1,1
CUS_TR_0740,25,Dar es Salaam,47,611076.31,39621.07,50808.74,18,0,0
CUS_TR_0741,54,Kampala,17,645779.34,209373.42,253049.25,7,0,0
CUS_TR_0742,69,Kampala,49,3109167.42,140439.99,174445.35,7,0,0
CUS_TR_0743,36,Mbarara,7,351056.82,36553.54,76950.87,29,1,0
CUS_TR_0744,59,Kampala,25,22935.48,100646.46,167208.74,13,0,0
CUS_TR_0745,47,Kampala,34,158161.8,75618.87,560432.58,18,0,0
CUS_TR_0746,29,Kampala,32,665231.82,320878.29,133488.72,19,1,0
CUS_TR_0747,24,Jinja,20,622125.0,436292.03,64187.89,7,0,0
CUS_TR_0748,49,Kampala,17,649058.95,134340.31,284131.71,20,0,0
CUS_TR_0749,32,Kampala,47,979623.48,66758.36,80224.09,11,0,0
CUS_TR_0750,27,Jinja,54,1175830.56,214582.86,288141.34,19,1,0
CUS_TR_0751,32,Kampala,27,231982.67,23416.05,104427.3,29,2,0
CUS_TR_0752,40,Kampala,9,280124.0,5547.08,57878.11,7,0,0
CUS_TR_0753,45,Kampala,18,1393602.86,156255.81,390417.23,27,0,0
CUS_TR_0754,73,Kampala,22,696780.44,530491.5,25990.81,9,2,0
CUS_TR_0755,20,Nairobi,26,741342.72,330736.82,5000.21,4,0,0
CUS_TR_0756,65,Nairobi,35,53926.02,150349.26,14823.03,13,2,0
CUS_TR_0757,38,Dar es Salaam,13,628241.76,38461.56,756543.78,9,0,1
CUS_TR_0758,53,Gulu,36,392027.56,43894.37,49558.04,20,1,0
CUS_TR_0759,64,Dar es Salaam,22,96651.86,220362.97,21482.56,6,1,0
CUS_TR_0760,25,Kampala,30,344573.69,12831.87,389327.91,13,2,0
CUS_TR_0761,18,Kampala,33,215060.64,89926.34,25951.32,20,0,0
CUS_TR_0762,19,Nairobi,13,714192.79,486454.16,50833.2,28,1,0
CUS_TR_0763,20,Kampala,48,41718.04,24411.76,1305720.18,12,0,0
CUS_TR_0764,38,Kampala,14,85520.19,500.9,16880.16,25,0,0
CUS_TR_0765,18,Dar es Salaam,18,415796.68,79736.76,285936.18,13,2,0
CUS_TR_0766,32,Kampala,17,829360.58,5088.55,144059.08,17,1,0
CUS_TR_0767,21,Kampala,54,1920406.75,328283.06,112893.73,27,0,0
CUS_TR_0768,26,Kampala,17,111575.44,27447.79,84071.42,25,1,0
CUS_TR_0769,53,Kampala,55,242039.85,22206.38,200852.0,27,0,0
CUS_TR_0770,30,Kampala,23,110412.34,418151.18,152653.91,4,1,0
CUS_TR_0771,49,Mbarara,18,234297.19,323875.29,152790.04,14,0,0
CUS_TR_0772,38,Mbarara,12,1410.61,556757.86,22331.48,0,0,0
CUS_TR_0773,55,Dar es Salaam,24,1492202.79,354868.96,13834.07,29,0,0
CUS_TR_0774,58,Nairobi,20,948897.72,68723.68,144993.24,11,1,0
CUS_TR_0775,36,Kampala,29,111206.76,590915.74,99861.04,21,1,1
CUS_TR_0776,45,Jinja,35,768665.29,357901.25,320594.13,27,0,0
CUS_TR_0777,29,Dar es Salaam,48,619867.83,7836.17,94899.28,24,0,0
CUS_TR_0778,25,Entebbe,53,1924.1,151845.77,6321.89,3,2,0
CUS_TR_0779,54,Jinja,48,65720.78,100911.91,136050.06,4,1,0
CUS_TR_0780,65,Kampala,15,16936.51,380429.78,71670.4,26,1,1
CUS_TR_0781,56,Jinja,26,2527547.72,258366.47,59474.96,8,1,0
CUS_TR_0782,37,Nairobi,28,162582.22,312087.69,20896.75,0,0,0
CUS_TR_0783,45,Kampala,49,685446.34,562134.06,44334.38,4,1,1
CUS_TR_0784,56,Kampala,37,380670.41,153025.04,254692.9,22,0,1
CUS_TR_0785,53,Mbarara,57,99690.59,300306.26,79499.21,22,0,0
CUS_TR_0786,19,Jinja,15,4907.67,6517.69,47865.19,9,0,0
CUS_TR_0787,49,Kampala,28,1261298.43,129501.74,32962.33,28,0,1
CUS_TR_0788,64,Kampala,28,1188776.26,50809.54,154699.06,10,0,0
CUS_TR_0789,52,Mbarara,24,856453.07,121737.57,97110.06,14,2,1
CUS_TR_0790,70,Nairobi,39,112954.32,367384.77,82821.82,22,0,1
CUS_TR_0791,69,Kampala,36,504395.47,77774.88,24826.45,5,0,0
CUS_TR_0792,46,Kampala,52,645385.56,84435.44,11854.46,7,0,0
CUS_TR_0793,31,Nairobi,25,143950.9,139524.23,168564.15,26,1,0
CUS_TR_0794,66,Mbarara,11,1816951.16,930746.59,406069.92,16,0,0
CUS_TR_0795,40,Nairobi,55,231110.55,32068.92,208892.13,18,0,0
CUS_TR_0796,59,Kampala,21,199272.47,33250.67,45296.94,6,2,0
CUS_TR_0797,57,Kampala,52,233122.67,1119853.05,122198.8,15,0,0
CUS_TR_0798,41,Jinja,23,172186.64,214161.55,9476.42,10,0,0
CUS_TR_0799,37,Kampala,10,236328.6,32591.02,50392.16,12,0,0
CUS_TR_0800,29,Jinja,56,340882.42,17473.65,15359.38,27,2,1
CUS_TR_0801,68,Dar es Salaam,4,75782.0,44708.25,152698.86,1,1,0
CUS_TR_0802,29,Kampala,52,160506.03,128425.87,66538.42,18,0,0
CUS_TR_0803,49,Kampala,7,467642.75,21746.16,308089.08,15,1,0
CUS_TR_0804,56,Gulu,11,225147.52,100933.83,38377.59,26,1,1
CUS_TR_0805,67,Kampala,3,44165.21,129575.44,169972.51,4,1,0
CUS_TR_0806,34,Kampala,28,90036.43,120870.96,14617.51,25,0,0
CUS_TR_0807,56,Nairobi,46,557316.96,21380.53,215116.76,23,0,0
CUS_TR_0808,62,Nairobi,49,108356.67,193398.21,137223.34,12,0,0
CUS_TR_0809,74,Kampala,1,1109423.24,633719.74,86986.62,22,1,0
CUS_TR_0810,53,Kampala,6,86270.54,440264.89,401464.91,8,0,0
CUS_TR_0811,38,Kampala,40,810668.7,464004.94,391194.47,28,0,1
CUS_TR_0812,50,Kampala,36,412163.31,101217.84,164012.01,20,0,0
CUS_TR_0813,55,Kampala,4,54036.91,70863.44,198333.28,9,1,0
CUS_TR_0814,35,Kampala,43,529.24,491710.86,100206.51,22,0,0
CUS_TR_0815,21,Kampala,2,16196.82,145781.82,133339.24,3,2,0
CUS_TR_0816,18,Kampala,16,391932.81,424613.9,560242.61,20,0,0
CUS_TR_0817,24,Kampala,40,291905.22,909105.52,66916.66,8,1,0
CUS_TR_0818,18,Jinja,34,133543.79,12201.4,120577.22,11,0,0
CUS_TR_0819,58,Kampala,4,575921.37,219938.24,101978.7,22,1,1
CUS_TR_0820,34,Nairobi,51,95273.94,255541.95,182823.62,8,1,1
CUS_TR_0821,25,Dar es Salaam,51,352306.0,17168.46,79534.57,10,1,0
CUS_TR_0822,72,Nairobi,54,1880756.1,22343.19,25125.41,10,1,0
CUS_TR_0823,42,Kampala,11,198700.74,41628.89,133885.56,21,0,0
CUS_TR_0824,61,Jinja,51,599915.72,266603.48,181503.04,7,1,0
CUS_TR_0825,43,Jinja,48,109228.46,10175.94,275968.48,20,0,0
CUS_TR_0826,60,Kampala,32,1361168.68,114495.8,9699.07,7,1,0
CUS_TR_0827,20,Dar es Salaam,20,2548.63,69755.69,103989.3,12,1,0
CUS_TR_0828,34,Jinja,23,1159280.35,81067.21,61614.41,10,0,0
CUS_TR_0829,40,Jinja,8,237379.76,187668.42,25214.78,17,0,0
CUS_TR_0830,45,Dar es Salaam,50,1223547.03,159385.09,68030.52,19,0,0
CUS_TR_0831,71,Nairobi,57,627963.48,183501.63,92573.58,3,0,0
CUS_TR_0832,22,Kampala,54,1105415.58,156301.13,11856.77,14,0,1
CUS_TR_0833,51,Kampala,56,279540.18,115038.93,263036.76,4,1,0
CUS_TR_0834,49,Kampala,43,726509.13,610031.69,33166.95,1,0,0
CUS_TR_0835,39,Mbarara,40,177457.18,27146.8,114317.58,13,1,0
CUS_TR_0836,23,Gulu,40,377651.09,236040.44,64602.09,13,0,0
CUS_TR_0837,54,Kampala,51,1474725.92,259538.77,240834.49,8,1,0
CUS_TR_0838,70,Jinja,41,310483.36,60133.76,286955.21,22,0,1
CUS_TR_0839,46,Kampala,47,1556806.76,581244.16,10014.7,21,0,1
CUS_TR_0840,45,Nairobi,4,168633.09,81882.67,44639.8,25,1,0
CUS_TR_0841,54,Kampala,47,836927.56,216178.94,27099.0,12,1,0
CUS_TR_0842,20,Nairobi,33,616986.69,190999.9,43087.96,4,0,0
CUS_TR_0843,32,Kampala,46,493925.46,28711.65,112020.9,25,0,1
CUS_TR_0844,25,Jinja,15,667681.93,47186.33,482350.49,19,0,0
CUS_TR_0845,19,Kampala,4,207345.41,2876.92,56912.8,10,0,0
CUS_TR_0846,59,Kampala,5,461245.95,1127883.19,29451.53,15,0,0
CUS_TR_0847,69,Dar es Salaam,39,82336.25,249346.24,125903.97,22,0,1
CUS_TR_0848,65,Dar es Salaam,52,461923.95,68891.06,402888.17,18,1,0
CUS_TR_0849,21,Nairobi,6,295315.82,148326.24,137589.66,13,0,0
CUS_TR_0850,44,Kampala,27,559213.65,177106.82,396700.79,23,0,0
CUS_TR_0851,49,Kampala,8,344670.85,27004.62,178133.02,12,0,0
CUS_TR_0852,40,Kampala,10,833929.15,164692.3,33044.94,25,0,0
CUS_TR_0853,44,Nairobi,38,240340.65,87056.63,92339.58,29,0,0
CUS_TR_0854,46,Jinja,4,82016.61,316534.75,65857.84,15,0,0
CUS_TR_0855,74,Nairobi,32,596707.65,113547.08,158790.51,9,1,0
CUS_TR_0856,65,Mbarara,59,714108.3,174882.05,21093.1,9,0,1
CUS_TR_0857,71,Dar es Salaam,52,6332.8,108241.11,31376.82,18,0,0
CUS_TR_0858,67,Gulu,31,158897.3,106713.57,69845.89,14,0,0
CUS_TR_0859,35,Kampala,11,751115.52,37713.65,106337.52,11,0,0
CUS_TR_0860,47,Gulu,22,87705.45,30861.83,77734.33,22,1,0
CUS_TR_0861,67,Kampala,28,184221.75,225795.09,320394.63,23,0,1
CUS_TR_0862,29,Dar es Salaam,31,159267.93,28385.28,151335.03,15,1,1
CUS_TR_0863,72,Nairobi,58,1107438.93,369006.9,98718.16,17,2,0
CUS_TR_0864,56,Mbarara,15,278944.9,33757.28,157483.5,22,1,0
CUS_TR_0865,43,Gulu,46,682779.72,195313.54,5679.22,23,0,0
CUS_TR_0866,69,Nairobi,14,324160.12,277892.89,17172.53,27,0,1
CUS_TR_0867,53,Nairobi,15,1090407.51,133232.41,132164.48,8,0,1
CUS_TR_0868,19,Kampala,28,294614.61,427369.91,48687.12,21,0,0
CUS_TR_0869,71,Kampala,9,652177.8,602281.63,189899.05,28,0,0
CUS_TR_0870,36,Kampala,46,1431515.31,213401.82,157291.23,19,0,1
CUS_TR_0871,44,Gulu,43,43259.89,78301.04,262094.31,1,1,0
CUS_TR_0872,62,Nairobi,17,310667.76,47099.79,92503.36,4,1,0
CUS_TR_0873,61,Kampala,51,227886.4,5445.65,56293.77,12,0,0
CUS_TR_0874,72,Mbarara,11,447077.22,443649.97,113594.61,1,0,0
CUS_TR_0875,25,Kampala,7,545529.54,98574.97,739699.59,17,0,0
CUS_TR_0876,64,Gulu,54,282774.24,42108.95,8387.86,18,0,0
CUS_TR_0877,49,Kampala,5,665459.19,33540.74,134362.39,16,1,0
CUS_TR_0878,71,Kampala,28,432460.15,402297.07,6829.35,10,0,0
CUS_TR_0879,30,Dar es Salaam,48,218638.68,750550.65,12882.55,13,0,0
CUS_TR_0880,40,Mbarara,51,640979.2,103647.78,13947.77,2,1,0
CUS_TR_0881,53,Dar es Salaam,3,42553.44,153288.01,162523.51,17,2,0
CUS_TR_0882,74,Kampala,49,268452.29,776439.97,149427.2,28,1,0
CUS_TR_0883,74,Kampala,15,28602.53,5666.95,18111.25,1,2,0
CUS_TR_0884,69,Kampala,21,332492.61,400998.51,42830.56,22,0,0
CUS_TR_0885,38,Dar es Salaam,24,154780.28,91235.14,282591.03,14,1,0
CUS_TR_0886,60,Dar es Salaam,27,101581.75,65289.57,25203.79,2,1,0
CUS_TR_0887,32,Kampala,59,1007260.1,78126.92,272323.3,19,0,0
CUS_TR_0888,20,Mbarara,19,242354.85,113430.62,49195.98,21,0,0
CUS_TR_0889,62,Mbarara,10,339031.01,152561.87,33779.77,25,0,1
CUS_TR_0890,41,Nairobi,14,153207.16,321819.4,215517.06,8,2,1
CUS_TR_0891,39,Entebbe,51,222027.97,81014.71,258503.61,10,0,0
CUS_TR_0892,50,Dar es Salaam,47,7721.48,228523.08,244010.11,1,1,0
CUS_TR_0893,34,Gulu,41,302782.98,97167.77,42532.82,23,0,0
CUS_TR_0894,18,Kampala,30,181068.8,142476.47,158743.48,13,1,1
CUS_TR_0895,32,Kampala,24,331047.46,350339.71,403620.17,2,1,0
CUS_TR_0896,35,Jinja,27,108078.52,122815.71,12951.39,18,1,0
CUS_TR_0897,67,Kampala,55,314805.19,67045.88,5729.65,3,2,0
CUS_TR_0898,61,Kampala,15,18932.74,853940.23,78485.36,10,1,1
CUS_TR_0899,35,Kampala,32,248074.47,54417.03,431940.04,15,0,0
CUS_TR_0900,70,Kampala,41,639008.75,226323.37,129181.02,24,0,1
CUS_TR_0901,22,Nairobi,33,1188871.93,862530.71,105829.24,20,0,0
CUS_TR_0902,49,Kampala,54,323005.48,58406.66,239431.27,23,1,1
CUS_TR_0903,67,Gulu,16,137852.17,2608.05,36415.05,2,2,0
CUS_TR_0904,43,Kampala,26,670983.87,101508.12,133427.45,3,2,0
CUS_TR_0905,34,Nairobi,35,65959.9,130340.7,44689.78,18,2,0
CUS_TR_0906,57,Nairobi,41,325776.47,55611.09,71878.58,16,1,0
CUS_TR_0907,19,Kampala,2,4670.61,317739.86,224158.59,1,0,0
CUS_TR_0908,63,Kampala,1,44300.04,129793.17,51728.25,0,0,1
CUS_TR_0909,31,Kampala,28,159840.98,77568.74,33957.05,3,0,0
CUS_TR_0910,41,Entebbe,54,205313.71,393069.79,93112.07,24,1,1
CUS_TR_0911,51,Kampala,23,235074.2,13968.18,18253.16,7,0,0
CUS_TR_0912,53,Kampala,18,196106.12,3260.39,175617.46,26,1,0
CUS_TR_0913,27,Kampala,48,110754.62,48390.45,99513.4,19,2,0
CUS_TR_0914,64,Entebbe,39,185853.88,109782.34,14096.9,13,0,0
CUS_TR_0915,59,Nairobi,6,238741.69,354293.52,74724.15,23,0,1
CUS_TR_0916,53,Kampala,2,404000.01,160302.5,23779.83,29,1,1
CUS_TR_0917,23,Nairobi,5,1191461.44,815623.33,17798.35,15,1,0
CUS_TR_0918,38,Kampala,39,408683.76,277083.78,110712.55,16,0,0
CUS_TR_0919,72,Nairobi,33,717180.97,174836.83,180282.39,15,1,0
CUS_TR_0920,53,Jinja,51,5643.38,51458.26,38260.04,2,0,0
CUS_TR_0921,34,Dar es Salaam,32,3531.13,476612.18,1989.21,10,0,1
CUS_TR_0922,45,Kampala,43,34296.17,111709.44,482652.16,15,2,0
CUS_TR_0923,21,Dar es Salaam,47,591726.5,155052.78,35763.84,27,0,1
CUS_TR_0924,61,Kampala,39,792146.94,76310.12,203956.61,3,1,0
CUS_TR_0925,55,Kampala,36,600122.56,199734.86,71409.95,0,0,0
CUS_TR_0926,50,Dar es Salaam,47,66632.83,248991.34,31911.52,22,0,0
CUS_TR_0927,64,Kampala,16,545733.69,192855.87,403477.94,28,0,0
CUS_TR_0928,62,Kampala,6,88240.82,93216.53,257797.78,23,0,0
CUS_TR_0929,34,Nairobi,54,193498.1,5878.01,137401.69,4,1,0
CUS_TR_0930,22,Kampala,28,362793.75,15367.21,258622.08,11,0,0
CUS_TR_0931,22,Kampala,22,618891.92,53251.52,328686.17,24,2,0
CUS_TR_0932,44,Kampala,25,946672.46,91685.22,257304.08,29,0,1
CUS_TR_0933,60,Kampala,20,520102.66,5632.95,19070.12,0,0,1
CUS_TR_0934,53,Gulu,3,124596.69,107433.21,94512.22,13,0,0
CUS_TR_0935,44,Jinja,4,425390.64,68885.84,233057.4,11,0,0
CUS_TR_0936,22,Kampala,3,88822.38,89194.23,128603.1,19,0,0
CUS_TR_0937,41,Nairobi,51,323838.39,1947.62,56016.01,2,1,0
CUS_TR_0938,62,Kampala,17,216487.7,43168.51,163914.78,12,0,0
CUS_TR_0939,42,Jinja,27,227025.99,46420.93,18110.08,0,0,0
CUS_TR_0940,28,Kampala,44,578524.0,280115.29,256573.65,21,0,0
CUS_TR_0941,69,Kampala,34,452705.64,263492.63,92009.91,11,0,0
CUS_TR_0942,49,Kampala,40,86000.96,241108.68,224789.7,17,0,0
CUS_TR_0943,30,Mbarara,3,257088.94,102997.74,348453.0,20,1,0
CUS_TR_0944,65,Jinja,39,533128.94,239105.89,302911.0,2,0,1
CUS_TR_0945,44,Jinja,38,150379.37,209864.71,211259.13,24,1,1
CUS_TR_0946,20,Kampala,49,23540.96,69399.79,308623.04,13,0,0
CUS_TR_0947,62,Gulu,56,124235.68,629138.01,36118.65,8,0,0
CUS_TR_0948,32,Gulu,26,753070.55,49602.27,182180.5,12,1,1
CUS_TR_0949,32,Kampala,12,294117.31,167117.46,3348.65,7,0,0
CUS_TR_0950,56,Kampala,29,89465.0,15524.51,245521.75,22,0,0
CUS_TR_0951,51,Jinja,53,1231251.37,460590.84,329971.71,10,0,1
CUS_TR_0952,65,Kampala,8,533808.66,80254.34,170081.78,17,0,0
CUS_TR_0953,74,Nairobi,44,235921.11,47058.16,15151.04,3,1,0
CUS_TR_0954,25,Jinja,6,1346152.26,146197.12,15268.53,4,0,0
CUS_TR_0955,35,Kampala,50,255206.05,428882.56,255518.4,15,2,1
CUS_TR_0956,66,Nairobi,58,256993.76,12696.83,31748.87,5,0,0
CUS_TR_0957,74,Gulu,6,1682618.72,202656.74,43434.46,1,1,1
CUS_TR_0958,43,Kampala,43,484998.52,193167.98,68364.97,2,0,0
CUS_TR_0959,69,Dar es Salaam,16,92267.45,272019.24,90265.69,22,2,1
CUS_TR_0960,30,Kampala,56,225304.32,466513.33,73132.24,7,0,0
CUS_TR_0961,63,Kampala,43,2245690.92,307757.78,218339.32,3,0,0
CUS_TR_0962,33,Kampala,36,457173.05,324051.53,121496.87,19,0,0
CUS_TR_0963,43,Jinja,47,994014.43,162603.77,141583.95,14,1,0
CUS_TR_0964,43,Kampala,36,4526.07,15952.25,587469.18,21,1,0
CUS_TR_0965,25,Kampala,40,618312.19,75757.78,119613.62,17,2,0
CUS_TR_0966,56,Jinja,28,47865.82,164722.63,60577.46,17,0,0
CUS_TR_0967,54,Nairobi,30,455876.15,16576.57,191361.08,1,0,0
CUS_TR_0968,59,Kampala,56,168003.46,202021.52,306437.27,26,0,1
CUS_TR_0969,64,Jinja,39,287406.45,214549.04,8077.67,8,3,0
CUS_TR_0970,40,Nairobi,25,273539.6,50957.92,86566.03,11,0,0
CUS_TR_0971,72,Mbarara,38,336845.69,88952.01,3150.6,21,1,0
CUS_TR_0972,47,Nairobi,56,351641.58,68837.07,21867.05,18,0,0
CUS_TR_0973,30,Kampala,34,87537.97,70198.16,42573.76,23,0,0
CUS_TR_0974,27,Kampala,17,75086.96,613667.2,69008.25,13,1,0
CUS_TR_0975,68,Kampala,48,105416.4,4991.67,22388.08,7,1,0
CUS_TR_0976,19,Kampala,45,77472.42,8515.6,124117.7,21,2,1
CUS_TR_0977,28,Kampala,18,3401299.73,8180.13,631108.98,28,1,0
CUS_TR_0978,31,Gulu,18,79382.27,183999.77,171226.8,5,0,0
CUS_TR_0979,25,Kampala,51,7733.32,52146.97,80803.51,16,1,1
CUS_TR_0980,56,Entebbe,33,64735.18,34972.09,14552.73,18,1,0
CUS_TR_0981,54,Kampala,5,253431.67,159203.17,136253.69,5,0,0
CUS_TR_0982,57,Dar es Salaam,33,225460.53,26454.3,7218.51,16,0,1
CUS_TR_0983,74,Mbarara,23,262401.45,39002.67,325456.4,1,2,1
CUS_TR_0984,47,Kampala,1,327038.49,198449.31,31407.14,3,0,0
CUS_TR_0985,19,Gulu,45,72076.63,132406.14,58249.19,3,1,0
CUS_TR_0986,33,Kampala,45,385792.84,90215.44,81497.75,8,0,0
CUS_TR_0987,72,Kampala,55,768967.11,141994.1,7275.39,15,0,0
CUS_TR_0988,43,Nairobi,56,287147.45,626607.49,187503.34,19,0,0
CUS_TR_0989,73,Kampala,40,695104.45,114657.04,77272.77,18,0,0
CUS_TR_0990,29,Mbarara,7,190925.27,115864.59,112755.91,19,1,0
CUS_TR_0991,66,Mbarara,53,10580.01,171921.28,59271.64,24,0,1
CUS_TR_0992,48,Kampala,21,62131.68,101922.14,175922.71,26,0,0
CUS_TR_0993,49,Kampala,26,294226.6,80834.99,339521.01,28,1,1
CUS_TR_0994,38,Dar es Salaam,39,294086.86,148049.92,5283.64,13,0,0
CUS_TR_0995,36,Nairobi,37,127881.81,200257.49,22171.22,14,2,0
CUS_TR_0996,26,Dar es Salaam,17,864417.94,136588.73,47117.68,22,0,0
CUS_TR_0997,58,Kampala,47,169630.73,366161.89,230817.78,5,1,0
CUS_TR_0998,46,Kampala,51,885361.98,41263.55,114044.36,20,1,0
CUS_TR_0999,64,Kampala,20,4422.47,28152.8,75875.44,0,1,1
CUS_TR_1000,74,Kampala,44,113921.89,312660.67,85250.26,1,0,0
CUS_TR_1001,70,Kampala,51,692877.74,18178.71,123458.85,5,0,0
CUS_TR_1002,55,Kampala,37,125666.43,104672.68,75847.98,5,0,0
CUS_TR_1003,43,Nairobi,12,284224.21,51726.12,158584.65,17,1,0
CUS_TR_1004,26,Entebbe,43,1175729.27,127457.67,6862.79,21,1,1
CUS_TR_1005,28,Nairobi,49,165309.26,66604.32,81359.55,5,0,0
CUS_TR_1006,26,Gulu,4,1595733.58,118607.95,22277.98,18,1,0
CUS_TR_1007,57,Kampala,5,148060.4,60875.88,140276.1,23,3,0
CUS_TR_1008,46,Nairobi,58,23037.34,1154462.41,95426.16,13,1,0
CUS_TR_1009,60,Dar es Salaam,11,30998.6,96981.73,53291.59,13,0,0
CUS_TR_1010,52,Jinja,25,3025597.43,63674.68,417446.59,9,0,0
CUS_TR_1011,27,Nairobi,53,213818.54,159889.61,109584.06,25,1,0
CUS_TR_1012,42,Dar es Salaam,37,167286.01,599243.35,53233.52,29,0,0
CUS_TR_1013,52,Jinja,31,31947.92,121944.87,22942.5,2,0,0
CUS_TR_1014,41,Gulu,26,298233.83,76298.59,137906.94,16,0,0
CUS_TR_1015,60,Jinja,47,959747.44,39843.56,163844.98,24,1,1
CUS_TR_1016,62,Kampala,5,388435.6,448641.26,258284.01,8,0,0
CUS_TR_1017,19,Kampala,46,34039.13,364260.53,143520.4,5,0,0
CUS_TR_1018,43,Kampala,41,259791.2,152156.37,105053.45,10,0,0
CUS_TR_1019,28,Kampala,25,312607.37,12241.21,44380.92,1,2,1
CUS_TR_1020,29,Dar es Salaam,32,639754.86,75004.63,26831.41,20,1,0
CUS_TR_1021,56,Kampala,56,985482.98,174234.76,163930.33,1,0,0
CUS_TR_1022,19,Kampala,16,98509.96,131814.59,128959.3,29,1,0
CUS_TR_1023,29,Nairobi,33,143648.02,106009.77,39714.13,27,0,0
CUS_TR_1024,56,Kampala,1,184492.52,112810.11,37808.59,24,0,0
CUS_TR_1025,26,Entebbe,45,415615.15,120623.01,140434.6,6,0,0
CUS_TR_1026,41,Nairobi,17,2756660.73,433945.44,32897.98,15,0,0
CUS_TR_1027,51,Kampala,13,1011100.37,111525.49,144209.95,25,0,0
CUS_TR_1028,56,Nairobi,43,632896.35,255553.56,170691.83,24,0,1
CUS_TR_1029,71,Kampala,55,297394.07,4353.93,221153.81,17,2,0
CUS_TR_1030,46,Nairobi,12,166480.95,185314.32,95284.08,4,0,0
CUS_TR_1031,71,Kampala,4,176612.04,69953.08,20754.35,11,0,1
CUS_TR_1032,52,Jinja,15,4676.32,51230.2,31875.16,5,2,1
CUS_TR_1033,30,Kampala,34,701957.47,171272.5,107535.99,13,1,0
CUS_TR_1034,18,Kampala,52,185416.44,197385.82,2212.75,9,1,0
CUS_TR_1035,43,Nairobi,16,16462.07,1054786.84,7945.96,1,1,0
CUS_TR_1036,69,Dar es Salaam,9,45417.54,280471.33,238969.12,17,2,0
CUS_TR_1037,70,Nairobi,51,324139.01,204450.0,19010.51,17,0,0
CUS_TR_1038,25,Kampala,14,97789.09,2619.97,173653.27,21,1,1
CUS_TR_1039,29,Kampala,2,24159.07,218036.18,92838.01,6,0,0
CUS_TR_1040,54,Kampala,10,11008.36,452246.04,92892.08,6,0,0
CUS_TR_1041,73,Jinja,11,495569.09,107543.47,327923.77,28,1,0
CUS_TR_1042,31,Kampala,9,643463.75,186244.83,48208.26,21,0,0
CUS_TR_1043,22,Kampala,32,2171311.76,280360.85,93555.89,22,1,0
CUS_TR_1044,60,Kampala,2,433669.76,253658.6,53621.77,6,0,0
CUS_TR_1045,44,Kampala,38,1596757.99,212481.2,191157.75,23,0,0
CUS_TR_1046,45,Kampala,29,670781.32,57269.91,220403.98,16,1,0
CUS_TR_1047,48,Kampala,44,395114.99,12708.88,26649.53,8,1,0
CUS_TR_1048,52,Kampala,7,1206060.74,133582.06,21410.39,4,1,0
CUS_TR_1049,18,Kampala,3,42459.97,167629.94,20267.47,5,2,0
CUS_TR_1050,73,Nairobi,43,554770.23,91017.11,62344.23,1,0,0
CUS_TR_1051,53,Kampala,54,104961.17,58332.75,36275.51,24,1,0
CUS_TR_1052,47,Kampala,4,7997.07,10509.92,63981.17,14,3,0
CUS_TR_1053,43,Nairobi,50,766896.78,228182.99,459394.48,13,2,0
CUS_TR_1054,50,Kampala,24,138960.75,278678.27,4908.98,18,0,0
CUS_TR_1055,25,Kampala,13,86936.86,162192.24,17973.37,24,1,1
CUS_TR_1056,47,Kampala,54,829147.99,539313.17,235919.08,17,3,1
CUS_TR_1057,27,Kampala,17,379906.66,320985.52,395674.48,13,0,0
CUS_TR_1058,32,Entebbe,17,129308.34,104470.65,103903.89,7,1,0
CUS_TR_1059,21,Kampala,19,226722.28,282206.6,56842.86,26,1,1
CUS_TR_1060,46,Entebbe,19,775362.07,133153.9,36226.84,6,0,0
CUS_TR_1061,40,Jinja,47,1338911.27,46576.22,46716.53,26,0,0
CUS_TR_1062,41,Kampala,27,900304.89,178162.36,87313.65,10,1,0
CUS_TR_1063,50,Kampala,41,851709.65,323720.23,187031.09,9,0,0
CUS_TR_1064,40,Dar es Salaam,16,19267.81,12552.8,183915.45,20,0,0
CUS_TR_1065,60,Nairobi,53,733806.46,60304.76,122438.08,2,0,1
CUS_TR_1066,26,Jinja,39,502037.32,169824.06,16171.11,6,1,0
CUS_TR_1067,38,Kampala,12,607179.45,46665.77,72694.3,9,2,0
CUS_TR_1068,33,Kampala,9,304071.2,21249.89,125013.11,9,2,0
CUS_TR_1069,59,Dar es Salaam,20,374346.01,197011.8,500920.49,8,0,0
CUS_TR_1070,73,Kampala,49,632991.97,1761.22,134191.44,1,1,0
CUS_TR_1071,67,Kampala,43,2001016.67,171411.85,105806.1,11,0,0
CUS_TR_1072,21,Kampala,50,247026.13,183825.43,2873.41,0,1,0
CUS_TR_1073,43,Kampala,22,104021.71,9105.76,5106.69,3,0,0
CUS_TR_1074,61,Kampala,37,446490.81,233792.04,162328.36,15,2,0
CUS_TR_1075,48,Kampala,19,36258.03,95377.92,207871.14,16,0,0
CUS_TR_1076,70,Kampala,49,714749.66,35475.18,89811.87,2,0,0
CUS_TR_1077,56,Nairobi,28,2873.92,394614.91,232533.92,27,0,0
CUS_TR_1078,49,Kampala,12,26515.3,156282.79,272362.5,2,0,0
CUS_TR_1079,35,Kampala,54,245997.97,289371.35,7662.41,9,0,0
CUS_TR_1080,47,Kampala,53,686345.22,291062.17,36703.93,29,1,0
CUS_TR_1081,22,Kampala,28,189709.85,45517.47,104021.76,29,1,0
CUS_TR_1082,52,Kampala,43,154910.97,404279.41,55337.13,14,0,0
CUS_TR_1083,39,Kampala,5,64332.0,709161.83,7934.45,10,2,0
CUS_TR_1084,37,Kampala,17,426964.25,38390.62,168523.82,1,1,0
CUS_TR_1085,23,Kampala,13,38499.34,36987.16,383847.05,15,0,0
CUS_TR_1086,38,Kampala,30,93750.0,623150.33,269026.03,11,2,1
CUS_TR_1087,67,Kampala,30,120442.45,64508.36,164080.37,14,0,0
CUS_TR_1088,72,Kampala,16,29272.79,52787.91,17030.79,5,1,0
CUS_TR_1089,61,Jinja,23,44957.79,228680.4,27757.78,18,1,0
CUS_TR_1090,26,Jinja,12,558901.03,11171.06,189394.76,4,1,0
CUS_TR_1091,48,Nairobi,15,460656.94,163331.6,322440.37,27,0,0
CUS_TR_1092,57,Kampala,17,4420.05,248234.74,465471.99,10,1,0
CUS_TR_1093,30,Mbarara,58,2555.22,1069595.72,680125.32,12,1,0
CUS_TR_1094,47,Nairobi,38,614111.19,175197.61,151557.56,12,0,0
CUS_TR_1095,65,Kampala,44,408746.15,524538.11,85451.85,3,0,0
CUS_TR_1096,26,Entebbe,7,494254.56,252614.63,154215.24,12,0,0
CUS_TR_1097,71,Kampala,2,232312.74,124636.13,22004.61,26,0,0
CUS_TR_1098,64,Entebbe,43,691292.6,226523.45,99182.4,18,0,0
CUS_TR_1099,43,Nairobi,15,679657.15,753761.77,68639.39,23,0,0
CUS_TR_1100,34,Gulu,16,495351.45,19573.75,123462.72,13,0,0
CUS_TR_1101,40,Kampala,40,1173621.58,230240.34,114450.65,3,0,1
CUS_TR_1102,50,Kampala,22,472735.23,250229.13,231227.65,21,0,0
CUS_TR_1103,33,Kampala,33,37946.19,105379.86,153390.36,9,0,0
CUS_TR_1104,55,Kampala,52,181470.35,31272.91,97586.36,16,0,0
CUS_TR_1105,53,Entebbe,13,633321.55,219968.29,66449.28,25,0,1
CUS_TR_1106,57,Kampala,32,1491605.19,36463.62,27318.75,13,2,0
CUS_TR_1107,44,Dar es Salaam,36,520217.39,154041.3,34570.45,24,0,0
CUS_TR_1108,24,Dar es Salaam,46,785200.61,89527.78,321164.06,9,0,0
CUS_TR_1109,30,Nairobi,53,13847.19,126586.83,3808.73,16,1,1
CUS_TR_1110,59,Kampala,37,20653.88,347518.22,198869.58,24,0,1
CUS_TR_1111,23,Nairobi,31,560446.31,269873.87,307979.01,29,1,1
CUS_TR_1112,70,Nairobi,9,58424.74,218413.42,191778.94,19,0,0
CUS_TR_1113,57,Kampala,5,100635.49,34092.87,22562.37,13,0,0
CUS_TR_1114,29,Jinja,59,177261.87,39695.48,276547.13,13,1,0
CUS_TR_1115,61,Kampala,18,33051.35,222705.08,245221.64,12,1,1
CUS_TR_1116,33,Jinja,12,45764.37,387861.59,201040.68,15,0,1
CUS_TR_1117,54,Kampala,2,954415.71,186742.52,514691.57,15,2,0
CUS_TR_1118,25,Kampala,29,684898.46,88210.8,142934.83,26,1,0
CUS_TR_1119,43,Entebbe,1,819033.76,356834.41,220420.35,27,1,0
CUS_TR_1120,36,Kampala,4,521216.95,149623.33,125706.15,4,0,0
CUS_TR_1121,51,Mbarara,6,984825.3,339936.5,260417.21,10,0,0
CUS_TR_1122,70,Mbarara,31,1880147.14,490761.67,207844.22,19,0,0
CUS_TR_1123,47,Gulu,51,304625.55,445587.36,174046.67,23,1,0
CUS_TR_1124,60,Entebbe,58,223730.48,124961.94,42545.58,29,0,1
CUS_TR_1125,44,Mbarara,39,663606.71,564214.13,284264.67,14,1,0
CUS_TR_1126,66,Kampala,36,36231.92,189051.3,212561.98,2,0,0
CUS_TR_1127,52,Jinja,31,124480.96,774010.53,162571.06,26,0,1
CUS_TR_1128,38,Kampala,2,416903.11,109242.29,489282.33,25,1,0
CUS_TR_1129,18,Kampala,54,943938.34,167839.74,127502.98,13,0,0
CUS_TR_1130,38,Kampala,18,2406916.8,63168.72,26774.2,27,0,0
CUS_TR_1131,52,Kampala,46,367671.15,73115.91,35935.24,17,0,0
CUS_TR_1132,72,Kampala,48,496430.27,249310.8,70385.22,2,0,0
CUS_TR_1133,43,Jinja,6,4979.63,345076.02,105699.54,23,1,0
CUS_TR_1134,41,Nairobi,19,83816.87,149685.54,5059.48,27,1,0
CUS_TR_1135,69,Kampala,19,944532.17,445539.8,15954.98,24,0,1
CUS_TR_1136,23,Dar es Salaam,27,744662.13,812733.79,69298.03,3,0,0
CUS_TR_1137,70,Dar es Salaam,41,514220.52,602651.34,28509.18,8,0,1
CUS_TR_1138,54,Kampala,52,429069.32,3135.92,355561.77,13,1,0
CUS_TR_1139,53,Kampala,3,43608.74,98563.42,62644.84,5,2,0
CUS_TR_1140,67,Kampala,44,42533.33,152409.5,16702.08,29,0,0
CUS_TR_1141,35,Kampala,57,182863.02,253695.81,13641.22,21,0,0
CUS_TR_1142,37,Kampala,54,1073625.16,103403.93,15982.13,1,1,0
CUS_TR_1143,53,Kampala,1,148103.85,59925.77,117638.21,3,0,0
CUS_TR_1144,44,Nairobi,30,140593.08,31204.08,4348.41,17,0,0
CUS_TR_1145,74,Gulu,29,114195.71,51116.9,415309.12,1,1,0
CUS_TR_1146,52,Kampala,13,1110663.58,63229.36,12372.33,11,0,0
CUS_TR_1147,52,Kampala,11,594364.91,77072.65,4960.31,14,0,0
CUS_TR_1148,21,Kampala,15,280135.23,565532.46,150532.13,4,0,0
CUS_TR_1149,50,Gulu,48,837821.49,2958148.9,130935.17,18,0,0
CUS_TR_1150,38,Kampala,28,277436.35,52170.33,81400.83,25,0,0
CUS_TR_1151,64,Nairobi,43,161790.19,166562.78,73591.71,25,2,1
CUS_TR_1152,71,Kampala,20,50293.8,190561.87,42830.25,9,0,1
CUS_TR_1153,32,Jinja,39,241158.63,628062.95,87686.37,18,0,0
CUS_TR_1154,54,Kampala,46,187408.57,152515.11,429071.3,14,0,0
CUS_TR_1155,27,Kampala,2,904629.31,463264.91,209171.87,22,1,1
CUS_TR_1156,30,Entebbe,56,850933.41,240366.31,229620.77,8,1,0
CUS_TR_1157,22,Gulu,13,151111.74,118590.13,145032.31,20,0,1
CUS_TR_1158,33,Dar es Salaam,39,178828.71,228329.08,53450.55,29,1,0
CUS_TR_1159,45,Kampala,9,444883.92,234538.54,143248.02,14,1,0
CUS_TR_1160,19,Jinja,15,62255.76,289555.35,151731.83,28,0,1
CUS_TR_1161,58,Kampala,25,260502.4,454861.28,360221.68,13,0,0
CUS_TR_1162,32,Dar es Salaam,23,393343.27,238618.3,111455.65,0,0,0
CUS_TR_1163,58,Kampala,42,419750.43,201510.57,107376.31,7,0,0
CUS_TR_1164,46,Nairobi,9,416886.27,194887.11,59770.68,14,1,0
CUS_TR_1165,18,Entebbe,28,774442.2,134715.14,111277.06,4,0,0
CUS_TR_1166,55,Kampala,48,604298.88,172500.12,19843.92,20,0,0
CUS_TR_1167,50,Kampala,30,301820.89,132874.21,71791.59,14,0,0
CUS_TR_1168,69,Mbarara,58,1054657.43,92911.52,30745.1,25,0,1
CUS_TR_1169,66,Kampala,27,20596.73,98174.48,342020.65,12,0,0
CUS_TR_1170,61,Kampala,22,1034740.53,303880.58,48911.21,11,0,0
CUS_TR_1171,24,Entebbe,59,2290755.59,600970.52,38568.96,2,0,0
CUS_TR_1172,22,Dar es Salaam,12,453485.7,549678.97,155642.34,8,1,0
CUS_TR_1173,18,Kampala,16,26143.16,155381.7,437588.29,9,0,1
CUS_TR_1174,58,Entebbe,20,227695.81,661.9,142831.99,27,0,0
CUS_TR_1175,33,Jinja,26,14562.75,432767.16,482286.25,10,0,0
CUS_TR_1176,39,Gulu,22,656799.02,471764.66,257233.1,27,0,1
CUS_TR_1177,53,Kampala,41,520560.48,295907.11,75121.78,22,0,0
CUS_TR_1178,42,Kampala,12,409192.8,641081.0,149979.07,26,0,0
CUS_TR_1179,56,Kampala,8,882230.66,166928.2,160271.07,2,0,0
CUS_TR_1180,68,Kampala,18,452344.06,149772.62,39785.64,14,1,0
CUS_TR_1181,68,Jinja,11,557019.64,46308.17,170912.84,23,0,0
CUS_TR_1182,58,Kampala,52,200474.94,1170.16,311527.95,7,0,0
CUS_TR_1183,47,Kampala,41,80545.7,221225.77,474205.68,20,1,1
CUS_TR_1184,56,Gulu,57,46981.62,167156.24,251055.04,20,0,0
CUS_TR_1185,57,Kampala,32,3161561.08,173177.39,37670.11,8,0,0
CUS_TR_1186,61,Kampala,44,176545.31,214796.43,69015.34,6,1,0
CUS_TR_1187,19,Dar es Salaam,57,1135938.76,157365.22,88760.71,27,0,0
CUS_TR_1188,45,Jinja,45,248477.66,638002.53,349191.34,11,0,0
CUS_TR_1189,51,Gulu,40,141143.41,436527.55,70074.52,25,1,1
CUS_TR_1190,20,Kampala,42,131297.98,463381.35,133549.25,16,0,0
CUS_TR_1191,70,Kampala,57,220604.83,140560.73,161674.71,16,0,0
CUS_TR_1192,52,Kampala,43,1188644.8,30956.26,96769.77,22,0,0
CUS_TR_1193,53,Gulu,24,882955.32,161516.92,195772.18,18,1,0
CUS_TR_1194,30,Nairobi,38,952788.21,545531.21,85664.75,18,0,0
CUS_TR_1195,20,Kampala,43,667263.71,291408.85,186786.6,26,1,0
CUS_TR_1196,61,Dar es Salaam,11,144075.27,66897.74,242035.42,14,1,0
CUS_TR_1197,72,Kampala,21,574897.07,55689.05,214877.02,0,0,1
CUS_TR_1198,38,Kampala,1,314888.53,40858.49,325269.19,2,0,0
CUS_TR_1199,26,Kampala,51,20804.35,22571.12,224126.09,24,0,0
CUS_TR_1200,56,Mbarara,23,395620.84,119388.53,120808.96,20,0,0
CUS_TR_1201,27,Nairobi,36,753553.98,153996.43,76399.27,20,0,0
CUS_TR_1202,62,Kampala,48,1175179.43,94395.44,95968.6,25,0,0
CUS_TR_1203,39,Kampala,37,756333.29,173506.78,299747.38,15,1,1
CUS_TR_1204,46,Kampala,4,40968.46,285305.83,246866.48,6,0,0
CUS_TR_1205,68,Nairobi,38,26186.64,613269.8,90701.03,18,0,0
CUS_TR_1206,29,Kampala,14,1095206.73,253927.47,51445.33,28,0,1
CUS_TR_1207,63,Kampala,7,188025.95,315874.52,104327.68,7,0,0
CUS_TR_1208,31,Kampala,26,216291.95,30716.76,40297.58,11,1,0
CUS_TR_1209,18,Entebbe,3,276152.02,972940.62,433312.6,24,0,0
CUS_TR_1210,41,Dar es Salaam,35,272284.12,49896.65,13660.35,1,1,0
CUS_TR_1211,23,Nairobi,59,15706.72,144662.8,186196.88,1,0,0
CUS_TR_1212,50,Nairobi,50,502308.7,113818.37,349640.63,7,1,1
CUS_TR_1213,29,Nairobi,44,143233.13,214362.06,114096.28,19,0,0
CUS_TR_1214,58,Gulu,6,458565.47,553364.32,204615.69,7,1,0
CUS_TR_1215,22,Kampala,54,598374.55,579738.83,4704.2,2,0,0
CUS_TR_1216,35,Kampala,21,368864.35,29883.83,144748.3,9,0,0
CUS_TR_1217,35,Kampala,27,287500.98,26310.72,66795.95,23,0,0
CUS_TR_1218,66,Kampala,30,2088726.64,470304.61,36358.47,0,0,0
CUS_TR_1219,73,Entebbe,23,250064.75,886813.88,34953.37,12,1,0
CUS_TR_1220,30,Jinja,1,206442.27,116826.13,171830.39,13,1,0
CUS_TR_1221,41,Kampala,9,51441.46,39800.85,121883.07,5,0,0
CUS_TR_1222,39,Kampala,53,88113.18,340029.26,200744.34,11,0,0
CUS_TR_1223,26,Kampala,57,44628.51,759170.31,3637.71,28,1,1
CUS_TR_1224,32,Entebbe,24,825963.58,714282.59,78920.88,14,1,0
CUS_TR_1225,28,Mbarara,48,41622.89,158737.14,171333.51,19,1,0
CUS_TR_1226,55,Kampala,10,23361.0,351907.17,247721.37,8,2,0
CUS_TR_1227,56,Kampala,3,1645460.97,43120.9,166353.26,24,0,0
CUS_TR_1228,62,Nairobi,55,37457.79,60161.27,56221.14,23,0,1
CUS_TR_1229,35,Jinja,8,570961.96,362769.76,265400.74,7,1,1
CUS_TR_1230,53,Kampala,33,924666.51,81545.09,253171.75,20,0,0
CUS_TR_1231,72,Kampala,55,78492.94,121049.13,71922.86,18,0,0
CUS_TR_1232,21,Nairobi,30,376337.66,35890.12,219436.56,4,1,0
CUS_TR_1233,49,Dar es Salaam,52,57693.13,74313.2,118735.03,27,0,1
CUS_TR_1234,49,Nairobi,27,258697.75,82023.26,20881.37,2,0,0
CUS_TR_1235,34,Kampala,17,101431.16,186060.98,168375.19,10,0,0
CUS_TR_1236,22,Kampala,29,318330.09,70184.47,106302.55,18,0,1
CUS_TR_1237,42,Mbarara,43,102585.74,45398.17,252054.03,5,0,1
CUS_TR_1238,51,Kampala,26,77312.36,9014.28,32824.96,24,0,1
CUS_TR_1239,58,Kampala,49,187323.43,75669.36,78649.96,5,0,0
CUS_TR_1240,70,Nairobi,18,170602.75,192509.16,41818.75,17,1,0
CUS_TR_1241,74,Nairobi,7,431290.79,251847.73,51103.25,17,0,0
CUS_TR_1242,18,Nairobi,38,22409.75,55236.58,79990.78,5,1,0
CUS_TR_1243,29,Kampala,15,191829.07,342556.95,245716.51,28,0,0
CUS_TR_1244,30,Kampala,41,670631.78,31274.47,739201.84,26,0,0
CUS_TR_1245,55,Kampala,31,473401.96,142336.68,28560.64,22,0,0
CUS_TR_1246,19,Mbarara,12,215627.96,49224.8,196852.15,10,2,0
CUS_TR_1247,61,Kampala,40,82555.16,53300.69,59594.2,18,1,0
CUS_TR_1248,65,Kampala,38,315693.75,78987.03,114417.51,20,1,0
CUS_TR_1249,32,Dar es Salaam,23,484765.55,194403.14,316472.32,20,0,0
CUS_TR_1250,37,Nairobi,23,40344.13,109469.12,78955.96,27,0,1
CUS_TR_1251,38,Kampala,43,389062.56,19414.01,170794.91,15,1,0
CUS_TR_1252,38,Jinja,32,308173.27,205632.06,15869.35,26,1,0
CUS_TR_1253,18,Gulu,53,16239.2,191927.22,108062.52,20,1,1
CUS_TR_1254,56,Gulu,4,43433.65,178745.14,639807.31,26,1,1
CUS_TR_1255,34,Kampala,13,587179.93,252334.02,391415.29,27,0,1
CUS_TR_1256,45,Kampala,30,120479.49,170528.92,212783.13,13,0,0
CUS_TR_1257,41,Kampala,18,26304.25,118193.28,126528.02,8,0,0
CUS_TR_1258,68,Kampala,56,717817.98,46450.7,266079.66,6,0,0
CUS_TR_1259,56,Kampala,56,151291.67,518768.12,3994.87,8,1,0
CUS_TR_1260,26,Kampala,53,112307.3,13190.44,120319.26,21,2,1
CUS_TR_1261,23,Gulu,23,625577.29,375845.05,259746.72,3,0,0
CUS_TR_1262,70,Kampala,11,273157.12,434529.16,29883.72,27,0,1
CUS_TR_1263,64,Jinja,14,268015.28,4924.64,91664.17,18,1,0
CUS_TR_1264,22,Kampala,40,397245.21,566656.74,100414.01,23,1,0
CUS_TR_1265,63,Jinja,26,429995.66,450406.76,152883.7,8,0,0
CUS_TR_1266,67,Nairobi,49,1225293.04,52149.49,27693.8,23,0,1
CUS_TR_1267,21,Gulu,14,177864.68,36484.96,75546.45,12,1,0
CUS_TR_1268,36,Nairobi,34,862461.3,69263.15,148504.27,19,0,0
CUS_TR_1269,62,Mbarara,4,344569.39,523300.41,80352.32,23,1,0
CUS_TR_1270,57,Gulu,4,175110.73,100900.01,2786.33,21,0,1
CUS_TR_1271,35,Nairobi,15,262860.48,414294.14,23267.22,3,3,0
CUS_TR_1272,74,Kampala,14,511303.04,146145.05,351731.62,11,4,0
CUS_TR_1273,43,Jinja,46,5028.78,105798.12,674664.28,25,0,1
CUS_TR_1274,33,Kampala,34,79954.37,274858.97,18469.32,11,0,1
CUS_TR_1275,28,Kampala,54,1135826.17,220350.51,185913.54,6,1,0
CUS_TR_1276,33,Nairobi,33,452890.79,125631.61,424097.04,13,0,0
CUS_TR_1277,34,Kampala,50,110286.29,226338.89,108306.89,14,0,0
CUS_TR_1278,38,Kampala,53,57650.39,58557.52,96038.21,11,0,0
CUS_TR_1279,49,Kampala,48,337696.24,87414.57,34860.44,1,0,0
CUS_TR_1280,73,Kampala,7,147052.92,83995.48,26897.53,26,3,0
CUS_TR_1281,36,Kampala,18,312934.87,122831.02,76104.73,27,1,0
CUS_TR_1282,23,Entebbe,54,51629.05,333566.13,323213.18,19,1,0
CUS_TR_1283,46,Kampala,6,156336.69,41011.22,9055.9,4,0,0
CUS_TR_1284,53,Gulu,40,517640.07,80317.69,143864.5,18,1,0
CUS_TR_1285,46,Gulu,59,24654.09,70466.26,342690.14,20,0,0
CUS_TR_1286,56,Kampala,31,191971.59,160901.2,91250.31,9,0,0
CUS_TR_1287,32,Kampala,4,590236.9,159851.87,23274.24,7,1,0
CUS_TR_1288,54,Nairobi,12,256728.16,282382.47,117009.63,3,0,0
CUS_TR_1289,33,Entebbe,57,165856.02,463396.82,16780.35,6,0,0
CUS_TR_1290,32,Kampala,33,886085.05,262667.75,16179.47,28,1,0
CUS_TR_1291,54,Kampala,51,472978.22,96485.69,254039.94,28,0,1
CUS_TR_1292,18,Kampala,59,327958.81,9141.47,152580.12,13,0,0
CUS_TR_1293,43,Kampala,28,1590391.28,127293.65,1190.31,2,0,0
CUS_TR_1294,50,Kampala,4,98000.85,35856.0,27347.35,9,1,0
CUS_TR_1295,59,Nairobi,59,1373926.08,125819.18,80658.2,24,1,0
CUS_TR_1296,28,Kampala,39,1760258.87,632051.21,88571.16,13,1,0
CUS_TR_1297,67,Nairobi,54,177358.93,39106.4,16728.45,8,0,0
CUS_TR_1298,21,Kampala,39,433301.68,99341.62,32266.94,28,0,0
CUS_TR_1299,46,Kampala,14,782603.44,31942.7,147335.97,10,0,0
CUS_TR_1300,21,Kampala,53,417361.31,30109.83,98314.83,10,1,0
CUS_TR_1301,21,Kampala,24,459115.71,52562.23,18913.6,11,0,0
CUS_TR_1302,73,Jinja,1,102222.91,246401.35,118.68,8,0,0
CUS_TR_1303,22,Kampala,31,467640.28,58581.61,5197.27,23,0,0
CUS_TR_1304,55,Kampala,42,421113.58,277610.59,91024.5,11,0,0
CUS_TR_1305,57,Kampala,42,137894.12,205376.66,7131.13,25,0,1
CUS_TR_1306,19,Kampala,57,331197.55,65615.7,130275.59,14,0,0
CUS_TR_1307,21,Mbarara,59,185643.9,56795.33,83615.58,26,0,0
CUS_TR_1308,26,Kampala,14,162140.44,27613.5,64747.49,12,0,0
CUS_TR_1309,53,Kampala,46,1696721.82,165456.29,139789.7,7,1,0
CUS_TR_1310,24,Nairobi,14,475348.61,231428.76,88892.29,16,0,0
CUS_TR_1311,58,Kampala,52,29049.09,148164.71,42534.54,22,0,0
CUS_TR_1312,46,Kampala,13,502743.07,983506.09,174361.02,13,0,0
CUS_TR_1313,70,Nairobi,1,432806.54,159369.26,132948.12,2,0,0
CUS_TR_1314,31,Dar es Salaam,23,894679.03,442304.1,69978.73,17,0,0
CUS_TR_1315,26,Kampala,52,2277691.25,180263.05,206659.55,21,0,1
CUS_TR_1316,35,Kampala,31,160619.54,463940.78,171370.04,0,0,0
CUS_TR_1317,42,Kampala,38,147893.03,26346.71,155628.66,14,1,0
CUS_TR_1318,74,Entebbe,49,5118.03,24157.05,276837.95,3,0,0
CUS_TR_1319,33,Kampala,24,90786.12,107054.99,780166.54,27,1,0
CUS_TR_1320,22,Kampala,16,304258.12,151497.75,128538.47,14,0,0
CUS_TR_1321,71,Kampala,35,275393.79,828581.81,107755.84,4,0,0
CUS_TR_1322,41,Nairobi,54,195826.7,321269.35,57378.5,16,1,0
CUS_TR_1323,65,Mbarara,13,1874055.73,103353.93,445.11,13,1,0
CUS_TR_1324,48,Jinja,21,83681.57,155828.77,214327.9,27,0,1
CUS_TR_1325,40,Nairobi,52,798227.32,53491.53,35232.1,27,1,1
CUS_TR_1326,50,Nairobi,51,121833.45,538014.13,185722.21,20,0,0
CUS_TR_1327,55,Kampala,51,30138.79,106021.89,84251.31,14,0,0
CUS_TR_1328,31,Kampala,51,492611.41,563628.15,31974.49,17,0,1
CUS_TR_1329,69,Mbarara,14,815812.09,172561.35,33448.3,12,0,0
CUS_TR_1330,21,Entebbe,53,54850.21,128676.77,69202.84,15,0,0
CUS_TR_1331,63,Jinja,52,455490.72,124155.19,29216.63,23,3,1
CUS_TR_1332,25,Kampala,35,371757.48,81195.8,45104.37,18,0,0
CUS_TR_1333,28,Kampala,35,350822.08,119523.91,120839.44,4,2,0
CUS_TR_1334,37,Kampala,17,23870.42,144647.02,70981.63,22,0,0
CUS_TR_1335,58,Gulu,26,45740.65,344538.88,160959.19,18,1,0
CUS_TR_1336,41,Dar es Salaam,58,443794.01,3230.47,343138.35,18,0,0
CUS_TR_1337,27,Kampala,40,1065559.59,401604.01,277461.73,6,0,0
CUS_TR_1338,44,Kampala,35,551052.84,16031.15,155492.38,27,0,1
CUS_TR_1339,33,Nairobi,54,1043903.24,18277.39,124568.8,19,2,0
CUS_TR_1340,59,Kampala,1,648974.34,44112.38,142191.88,18,0,1
CUS_TR_1341,18,Kampala,43,1125885.33,10580.56,553216.75,1,0,0
CUS_TR_1342,20,Nairobi,59,1202897.7,315369.18,95605.18,26,1,0
CUS_TR_1343,54,Jinja,55,386467.64,314909.68,293824.36,19,2,0
CUS_TR_1344,64,Entebbe,48,113733.19,126979.95,417142.86,0,0,0
CUS_TR_1345,35,Dar es Salaam,15,354722.65,140511.7,3879.1,16,1,0
CUS_TR_1346,35,Nairobi,13,1111547.42,239975.33,115739.91,12,0,0
CUS_TR_1347,60,Entebbe,53,199807.57,487158.75,280955.57,25,1,1
CUS_TR_1348,39,Dar es Salaam,6,67711.05,76192.6,520330.18,12,2,0
CUS_TR_1349,28,Jinja,1,123437.14,382235.79,19120.59,2,0,0
CUS_TR_1350,50,Jinja,57,336127.4,48026.86,547193.05,11,1,0
CUS_TR_1351,24,Kampala,53,190054.45,448698.46,174162.18,7,1,0
CUS_TR_1352,21,Kampala,27,653601.02,168053.54,97281.32,7,1,0
CUS_TR_1353,53,Nairobi,59,425857.81,108002.14,149080.36,27,0,0
CUS_TR_1354,46,Mbarara,28,167272.03,1927.33,83820.87,7,1,0
CUS_TR_1355,73,Kampala,55,662840.21,20711.57,252279.94,12,0,1
CUS_TR_1356,63,Jinja,4,121953.14,248173.43,112715.81,12,0,0
CUS_TR_1357,39,Jinja,1,521319.63,443157.64,198890.17,28,0,0
CUS_TR_1358,42,Kampala,14,644404.75,558353.27,398829.93,29,1,1
CUS_TR_1359,74,Kampala,41,888653.65,140016.72,93266.25,25,0,1
CUS_TR_1360,72,Kampala,58,88754.33,25013.8,271272.06,23,0,1
CUS_TR_1361,36,Gulu,18,1110008.97,250400.95,168616.22,11,0,0
CUS_TR_1362,37,Kampala,46,490494.58,91022.53,250663.93,1,1,0
CUS_TR_1363,63,Nairobi,59,217504.75,325318.85,40818.94,3,2,1
CUS_TR_1364,22,Kampala,56,217695.81,27904.72,142006.01,25,0,1
CUS_TR_1365,55,Gulu,28,10890.58,251125.54,88639.37,4,0,0
CUS_TR_1366,69,Kampala,56,95724.91,214655.83,85034.03,10,0,1
CUS_TR_1367,29,Nairobi,38,2143867.45,100375.32,548581.35,5,1,0
CUS_TR_1368,62,Entebbe,11,888807.55,195682.31,355105.91,10,0,0
CUS_TR_1369,71,Mbarara,18,9209.04,180881.69,6031.84,0,1,0
CUS_TR_1370,65,Nairobi,57,483432.99,227410.55,47881.81,7,0,0
CUS_TR_1371,54,Jinja,29,1202610.28,183764.83,16419.24,6,1,0
CUS_TR_1372,61,Kampala,45,1269.21,170639.86,33039.98,1,0,0
CUS_TR_1373,42,Entebbe,19,456270.81,101085.29,157469.12,17,0,0
CUS_TR_1374,27,Kampala,45,300558.08,118867.4,73736.1,21,1,0
CUS_TR_1375,43,Nairobi,53,107889.26,116947.54,218895.93,23,2,1
CUS_TR_1376,40,Kampala,45,48780.88,307071.23,109282.41,5,0,1
CUS_TR_1377,43,Kampala,11,142925.79,286227.79,73183.94,20,1,0
CUS_TR_1378,26,Kampala,27,113058.54,86036.19,58574.96,16,1,0
CUS_TR_1379,70,Nairobi,32,591120.53,55647.03,18580.1,21,1,0
CUS_TR_1380,63,Kampala,28,48995.94,85031.99,79.62,12,1,0
CUS_TR_1381,26,Kampala,15,96359.91,142481.54,108395.48,28,0,0
CUS_TR_1382,68,Dar es Salaam,51,19549.85,156502.13,29571.74,20,0,0
CUS_TR_1383,40,Entebbe,25,567387.54,539343.12,122539.79,24,0,0
CUS_TR_1384,37,Kampala,17,74206.81,50104.4,550860.1,10,1,0
CUS_TR_1385,48,Jinja,59,115790.95,261428.21,160732.03,24,0,1
CUS_TR_1386,37,Mbarara,37,412426.57,353466.65,35780.03,4,0,0
CUS_TR_1387,56,Kampala,54,513419.53,31856.85,238651.18,13,0,0
CUS_TR_1388,30,Dar es Salaam,31,2191280.01,303163.59,261114.43,28,0,0
CUS_TR_1389,50,Kampala,30,83114.63,140298.66,64529.79,0,1,0
CUS_TR_1390,24,Kampala,1,7867.26,135280.84,41505.54,16,0,0
CUS_TR_1391,18,Gulu,25,140343.48,22269.73,297420.09,10,2,0
CUS_TR_1392,72,Entebbe,5,90478.34,65922.48,428574.07,27,0,0
CUS_TR_1393,52,Kampala,35,337090.92,63143.05,377038.07,15,0,0
CUS_TR_1394,65,Gulu,32,503205.31,613753.85,25813.12,22,1,0
CUS_TR_1395,36,Jinja,24,740810.74,20217.06,668984.3,3,2,0
CUS_TR_1396,28,Gulu,26,767214.18,322571.72,349364.11,13,0,0
CUS_TR_1397,45,Kampala,51,28935.88,17389.34,95339.09,2,1,0
CUS_TR_1398,33,Jinja,37,360514.4,244033.18,156816.16,17,0,1
CUS_TR_1399,22,Gulu,3,244834.71,208592.36,91981.54,11,1,0
CUS_TR_1400,68,Dar es Salaam,1,92806.92,96454.88,69273.19,0,1,1
CUS_TR_1401,58,Kampala,7,278332.68,127820.67,10704.19,16,1,0
CUS_TR_1402,47,Nairobi,17,60698.15,126681.33,306410.79,14,0,0
CUS_TR_1403,26,Kampala,7,326231.38,111375.22,48479.53,13,1,0
CUS_TR_1404,49,Kampala,4,1244056.86,198580.21,177277.97,17,0,0
CUS_TR_1405,50,Kampala,31,255404.56,19010.64,283842.39,19,2,0
CUS_TR_1406,43,Kampala,10,699926.18,159433.37,115284.65,1,0,1
CUS_TR_1407,37,Gulu,25,71527.34,98750.57,14178.22,12,0,0
CUS_TR_1408,26,Dar es Salaam,51,841610.0,14814.03,209354.09,5,0,0
CUS_TR_1409,26,Kampala,52,69045.42,35258.17,116195.41,21,0,0
CUS_TR_1410,28,Kampala,7,676557.74,171054.04,76957.3,22,1,1
CUS_TR_1411,53,Kampala,30,689190.15,87312.33,69486.59,7,1,0
CUS_TR_1412,68,Nairobi,51,339020.65,154265.33,104930.43,17,0,0
CUS_TR_1413,43,Kampala,2,148120.91,138932.12,7243.21,28,0,0
CUS_TR_1414,43,Nairobi,14,399324.11,86742.59,19765.11,25,0,1
CUS_TR_1415,34,Dar es Salaam,16,19272.61,207300.5,308922.59,21,1,1
CUS_TR_1416,40,Kampala,59,180988.56,59898.61,253539.19,12,0,0
CUS_TR_1417,58,Dar es Salaam,2,1439054.0,406003.08,159066.12,25,0,1
CUS_TR_1418,48,Kampala,24,101041.59,12933.96,127978.74,6,1,0
CUS_TR_1419,74,Kampala,20,985943.95,88400.92,141159.32,24,0,0
CUS_TR_1420,46,Kampala,54,807115.28,714037.48,344678.1,22,1,0
CUS_TR_1421,33,Kampala,24,116533.28,923286.0,274202.56,24,0,0
CUS_TR_1422,51,Kampala,51,462097.37,393471.84,172999.01,17,0,0
CUS_TR_1423,48,Dar es Salaam,12,287149.15,361882.76,147511.06,4,0,0
CUS_TR_1424,41,Dar es Salaam,18,48753.87,155554.05,54529.86,1,0,0
CUS_TR_1425,20,Kampala,20,48499.44,34067.76,185056.94,25,0,0
CUS_TR_1426,37,Nairobi,6,247943.12,92382.6,116135.21,27,0,1
CUS_TR_1427,55,Kampala,54,390747.91,762124.32,182091.13,0,1,0
CUS_TR_1428,23,Kampala,30,830488.87,197705.81,191627.82,22,2,0
CUS_TR_1429,65,Kampala,7,285779.83,14477.19,175005.33,18,0,0
CUS_TR_1430,23,Nairobi,41,45528.86,148636.78,239179.2,19,0,0
CUS_TR_1431,25,Kampala,53,43842.76,220415.38,23119.07,29,1,0
CUS_TR_1432,44,Kampala,4,204640.53,61812.32,299139.64,11,1,0
CUS_TR_1433,25,Nairobi,50,61651.79,271900.88,35339.43,16,0,0
CUS_TR_1434,73,Jinja,40,115354.68,86095.74,244734.56,18,0,0
CUS_TR_1435,57,Kampala,39,103011.51,148031.01,42931.75,0,1,0
CUS_TR_1436,41,Kampala,18,50316.4,227496.53,207686.2,23,3,1
CUS_TR_1437,26,Dar es Salaam,47,440499.79,86721.77,83402.96,15,0,1
CUS_TR_1438,40,Entebbe,23,243072.69,87986.25,190114.04,3,0,0
CUS_TR_1439,66,Kampala,46,334407.97,151025.72,161029.38,5,0,0
CUS_TR_1440,51,Mbarara,16,126212.78,4618.82,46153.46,2,2,0
CUS_TR_1441,60,Entebbe,59,71361.39,42921.78,6051.74,17,0,0
CUS_TR_1442,49,Kampala,32,23301.04,130059.75,68180.4,16,0,0
CUS_TR_1443,27,Nairobi,49,227141.4,263737.86,258940.69,2,2,1
CUS_TR_1444,40,Dar es Salaam,40,243325.9,1528.39,99702.0,27,2,1
CUS_TR_1445,73,Kampala,14,96968.83,89842.64,81008.15,0,0,0
CUS_TR_1446,31,Kampala,34,486736.47,473505.65,33399.08,27,0,0
CUS_TR_1447,20,Jinja,17,162816.15,10459.51,39606.62,16,0,0
CUS_TR_1448,61,Jinja,8,359136.42,193275.47,43593.89,11,1,0
CUS_TR_1449,52,Kampala,42,288886.58,569188.96,39371.18,28,2,1
CUS_TR_1450,29,Dar es Salaam,30,359192.9,65132.98,73241.25,24,0,1
CUS_TR_1451,47,Nairobi,12,626591.94,86254.21,182.47,24,0,0
CUS_TR_1452,70,Gulu,49,5953.34,180296.39,125184.74,22,0,0
CUS_TR_1453,60,Nairobi,50,377290.03,68329.88,283829.66,19,0,0
CUS_TR_1454,51,Kampala,15,388227.55,325035.81,45633.96,15,1,0
CUS_TR_1455,19,Kampala,58,21146.42,344588.58,24222.92,4,0,0
CUS_TR_1456,46,Kampala,55,771158.46,292525.11,53594.59,0,0,0
CUS_TR_1457,44,Kampala,59,69839.19,263286.12,222591.32,2,0,0
CUS_TR_1458,34,Kampala,3,216017.83,205006.35,960620.89,2,0,0
CUS_TR_1459,71,Nairobi,11,437011.4,265011.55,299809.84,16,0,0
CUS_TR_1460,30,Kampala,50,1334065.88,203557.09,122781.6,24,0,0
CUS_TR_1461,66,Kampala,15,358917.75,59277.82,67210.04,20,0,0
CUS_TR_1462,64,Dar es Salaam,39,175318.57,493965.16,43429.57,28,0,0
CUS_TR_1463,51,Kampala,3,69821.99,377806.9,103564.18,29,1,0
CUS_TR_1464,74,Entebbe,2,581835.86,807005.53,111007.98,21,2,0
CUS_TR_1465,22,Entebbe,19,253275.25,24202.56,20010.82,11,0,0
CUS_TR_1466,21,Kampala,1,55308.07,84269.96,109055.52,9,2,1
CUS_TR_1467,34,Kampala,41,673028.35,572076.31,75903.47,5,1,0
CUS_TR_1468,37,Nairobi,37,345308.26,61875.38,21092.37,27,1,1
CUS_TR_1469,64,Gulu,24,445612.45,129777.06,39536.84,29,0,1
CUS_TR_1470,58,Entebbe,19,19294.59,21269.57,249012.84,21,1,0
CUS_TR_1471,46,Nairobi,11,583028.5,55188.23,62878.3,9,1,0
CUS_TR_1472,21,Kampala,55,222646.44,454167.19,86512.64,19,0,0
CUS_TR_1473,40,Jinja,28,186163.09,177207.18,226806.81,20,1,0
CUS_TR_1474,70,Kampala,4,293878.41,393535.9,52258.12,18,1,0
CUS_TR_1475,21,Kampala,42,814254.3,15784.72,28594.28,24,0,1
CUS_TR_1476,72,Dar es Salaam,37,194919.18,314117.87,93132.2,1,0,0
CUS_TR_1477,39,Mbarara,9,808806.98,42226.13,69595.42,7,0,1
CUS_TR_1478,52,Kampala,30,599209.91,520584.55,1489.23,21,0,1
CUS_TR_1479,55,Dar es Salaam,44,789223.38,305352.65,183305.27,17,2,0
CUS_TR_1480,44,Kampala,24,41902.55,11458.57,10481.59,6,1,0
CUS_TR_1481,63,Nairobi,32,27583.24,129527.37,268774.69,23,0,0
CUS_TR_1482,30,Nairobi,44,407129.72,1740.91,309620.27,3,1,0
CUS_TR_1483,43,Kampala,34,263461.17,298756.56,108816.05,9,1,0
CUS_TR_1484,43,Kampala,46,157834.12,61633.17,111543.13,5,1,0
CUS_TR_1485,54,Gulu,19,41424.08,225348.23,8576.42,5,2,0
CUS_TR_1486,57,Kampala,59,147263.62,37338.97,95281.26,25,0,0
CUS_TR_1487,45,Kampala,27,198334.09,238704.54,114144.8,23,0,0
CUS_TR_1488,72,Nairobi,40,743580.85,27933.22,288229.27,12,1,0
CUS_TR_1489,22,Kampala,57,143775.48,541427.83,454562.87,0,1,0
CUS_TR_1490,52,Nairobi,37,230874.49,240089.5,119635.51,21,0,1
CUS_TR_1491,45,Nairobi,53,68038.47,53878.6,38071.35,29,0,1
CUS_TR_1492,60,Kampala,13,253643.03,117062.59,32797.65,11,0,0
CUS_TR_1493,74,Nairobi,55,119536.55,7852.57,209254.79,24,1,0
CUS_TR_1494,27,Mbarara,42,496025.23,140429.79,28288.21,28,0,0
CUS_TR_1495,59,Kampala,31,168239.89,97383.55,169933.8,22,0,0
CUS_TR_1496,29,Kampala,52,76726.65,815118.13,10535.61,12,0,0
CUS_TR_1497,72,Kampala,5,239298.03,445970.33,310787.19,25,1,0
CUS_TR_1498,72,Nairobi,34,33420.33,8800.16,234575.69,24,0,0
CUS_TR_1499,28,Jinja,5,108510.42,530302.11,200303.44,18,0,0
CUS_TR_1500,62,Kampala,49,368858.31,103463.89,13540.08,8,1,0
CUS_TR_1501,66,Nairobi,34,319144.83,200970.38,35998.17,5,1,0
CUS_TR_1502,27,Entebbe,50,68684.85,178519.26,480431.35,6,0,0
CUS_TR_1503,54,Kampala,23,70707.97,149789.47,83340.76,28,0,0
CUS_TR_1504,71,Jinja,23,407555.17,96272.31,132720.79,12,0,0
CUS_TR_1505,28,Jinja,54,380317.36,106841.86,27725.03,19,0,0
CUS_TR_1506,32,Jinja,3,946847.32,3616.93,94678.22,22,0,0
CUS_TR_1507,29,Dar es Salaam,38,656422.71,329008.51,324892.67,2,0,0
CUS_TR_1508,39,Kampala,34,770212.64,366904.92,125992.13,22,0,1
CUS_TR_1509,32,Kampala,1,353247.96,79402.57,613994.71,26,0,0
CUS_TR_1510,70,Dar es Salaam,28,670561.96,156327.58,87929.97,22,0,1
CUS_TR_1511,46,Kampala,31,95339.51,115698.88,721597.67,10,0,0
CUS_TR_1512,41,Kampala,21,1429971.28,132708.91,134703.47,19,0,0
CUS_TR_1513,36,Kampala,52,462019.28,415916.34,275863.0,26,0,1
CUS_TR_1514,36,Kampala,3,206070.76,107577.69,52378.41,4,0,0
CUS_TR_1515,34,Gulu,43,850259.36,2888.9,57443.6,18,0,0
CUS_TR_1516,35,Kampala,59,777632.27,453540.17,2645.69,10,0,0
CUS_TR_1517,56,Jinja,1,1073957.14,148435.38,30037.74,0,2,0
CUS_TR_1518,35,Jinja,9,129413.1,154141.09,97401.61,16,0,0
CUS_TR_1519,61,Kampala,57,457385.89,346993.53,5138.74,17,1,0
CUS_TR_1520,74,Kampala,20,634964.29,180754.62,81899.01,13,1,0
CUS_TR_1521,62,Dar es Salaam,37,1129768.71,35325.32,30315.39,5,2,0
CUS_TR_1522,48,Kampala,55,106706.89,29370.79,377146.39,25,1,0
CUS_TR_1523,26,Jinja,24,541611.72,53313.17,418295.54,2,0,0
CUS_TR_1524,46,Kampala,31,300347.74,24519.36,129261.91,7,1,0
CUS_TR_1525,71,Kampala,23,538393.17,239846.13,212522.99,12,0,0
CUS_TR_1526,20,Gulu,18,2936090.59,74213.82,33860.11,12,0,1
CUS_TR_1527,48,Kampala,46,654856.06,117083.65,323501.3,9,0,0
CUS_TR_1528,44,Kampala,34,281654.54,79285.5,62897.03,20,0,0
CUS_TR_1529,62,Kampala,49,544174.39,216898.53,40250.64,11,1,1
CUS_TR_1530,65,Entebbe,31,242804.95,132232.35,249784.94,24,0,0
CUS_TR_1531,27,Kampala,8,290226.44,15117.51,471313.91,14,1,0
CUS_TR_1532,71,Nairobi,11,124905.53,523354.15,370.8,28,0,0
CUS_TR_1533,68,Kampala,22,37221.22,379059.48,186995.5,12,0,0
CUS_TR_1534,21,Dar es Salaam,6,222538.77,227804.42,7223.64,16,0,1
CUS_TR_1535,24,Dar es Salaam,53,476913.59,198830.67,587004.35,18,0,0
CUS_TR_1536,19,Dar es Salaam,42,175072.91,134872.98,510108.76,28,0,0
CUS_TR_1537,64,Gulu,35,23428.98,334062.54,514840.67,26,0,0
CUS_TR_1538,55,Kampala,57,418301.84,44295.89,160476.49,24,0,0
CUS_TR_1539,43,Dar es Salaam,11,1508415.49,6490.21,119252.92,25,1,0
CUS_TR_1540,22,Kampala,21,891960.49,12701.13,422503.55,22,0,0
CUS_TR_1541,41,Kampala,29,21770.67,137427.86,291443.48,4,1,0
CUS_TR_1542,30,Nairobi,13,155974.63,72179.96,3595.42,28,3,0
CUS_TR_1543,43,Nairobi,36,137731.6,410379.98,135700.37,16,1,0
CUS_TR_1544,66,Kampala,26,9188.9,251609.95,48546.48,20,1,0
CUS_TR_1545,38,Kampala,8,590983.06,117559.96,64967.27,16,0,0
CUS_TR_1546,49,Kampala,5,261292.95,175876.82,47084.2,11,0,0
CUS_TR_1547,32,Nairobi,46,61777.94,184798.94,272061.66,24,1,0
CUS_TR_1548,50,Kampala,21,248875.92,227080.13,114413.44,28,1,1
CUS_TR_1549,64,Entebbe,5,30798.82,23380.4,119847.54,2,2,0
CUS_TR_1550,53,Nairobi,34,956233.76,510985.47,166805.16,6,0,0
CUS_TR_1551,20,Jinja,25,424297.29,820786.6,92205.28,24,0,0
CUS_TR_1552,19,Entebbe,17,873308.07,42035.75,219376.52,22,1,0
CUS_TR_1553,36,Kampala,42,125059.3,748935.11,46337.49,26,0,0
CUS_TR_1554,53,Kampala,1,596277.41,121008.8,155008.56,0,0,0
CUS_TR_1555,31,Nairobi,3,263079.76,13099.33,139623.11,22,0,0
CUS_TR_1556,45,Dar es Salaam,17,108782.61,108619.22,38233.38,23,0,0
CUS_TR_1557,48,Kampala,16,338570.19,322372.59,591839.6,18,2,0
CUS_TR_1558,38,Kampala,45,598153.82,161947.28,263278.39,16,0,0
CUS_TR_1559,64,Nairobi,8,162644.37,161346.42,68341.12,3,0,0
CUS_TR_1560,68,Entebbe,23,1107018.13,525301.37,19072.08,11,0,0
CUS_TR_1561,30,Nairobi,13,363791.77,6131.15,48012.51,14,0,0
CUS_TR_1562,53,Kampala,31,327863.24,126733.36,325596.03,27,2,1
CUS_TR_1563,71,Jinja,51,333483.17,357270.82,21304.11,5,1,0
CUS_TR_1564,68,Jinja,43,51152.07,163915.65,87672.75,20,1,0
CUS_TR_1565,66,Kampala,46,245499.09,20420.96,106183.93,18,0,0
CUS_TR_1566,52,Entebbe,54,520487.06,189428.56,426376.75,21,0,0
CUS_TR_1567,69,Kampala,1,501980.71,132872.03,60508.4,8,2,0
CUS_TR_1568,60,Jinja,3,279530.7,1530.37,83559.79,3,0,0
CUS_TR_1569,36,Mbarara,17,300825.83,50468.8,453795.3,21,0,0
CUS_TR_1570,42,Mbarara,8,1312010.48,434515.73,28281.97,8,1,0
CUS_TR_1571,52,Mbarara,2,214890.06,173425.85,358260.88,7,0,0
CUS_TR_1572,19,Mbarara,36,1296477.15,32909.72,208877.21,23,1,0
CUS_TR_1573,58,Kampala,11,60225.81,246322.44,90345.82,27,0,1
CUS_TR_1574,31,Kampala,5,620937.63,15929.85,165966.99,19,1,0
CUS_TR_1575,20,Nairobi,53,68116.09,38353.91,58272.22,13,0,1
CUS_TR_1576,73,Nairobi,27,318501.39,450240.34,573403.39,16,0,0
CUS_TR_1577,23,Kampala,31,659705.05,7839.9,149780.23,14,0,0
CUS_TR_1578,55,Kampala,40,535736.66,51074.0,93931.74,19,0,0
CUS_TR_1579,27,Kampala,6,236514.89,57929.9,743385.9,29,0,0
CUS_TR_1580,66,Kampala,34,526014.37,63550.86,72730.84,27,1,0
CUS_TR_1581,32,Kampala,20,150019.78,341453.02,144412.3,11,0,0
CUS_TR_1582,65,Gulu,21,407529.21,113814.89,112521.33,12,0,1
CUS_TR_1583,40,Nairobi,53,1001831.21,154004.48,27200.55,9,0,0
CUS_TR_1584,69,Nairobi,24,295926.56,20593.62,32838.64,7,1,0
CUS_TR_1585,26,Nairobi,27,292548.98,10298.81,93949.87,12,0,1
CUS_TR_1586,53,Dar es Salaam,44,484202.32,117425.09,242669.47,18,0,0
CUS_TR_1587,35,Nairobi,46,81058.71,170873.5,146785.38,19,0,0
CUS_TR_1588,35,Nairobi,4,659020.55,18221.1,300503.45,24,1,0
CUS_TR_1589,67,Kampala,13,75224.22,215766.6,36879.85,22,2,1
CUS_TR_1590,46,Jinja,31,539049.11,241517.92,148856.46,28,0,0
CUS_TR_1591,27,Dar es Salaam,51,267972.23,157817.93,183887.53,16,3,1
CUS_TR_1592,21,Kampala,54,104580.02,317803.75,84261.31,25,0,0
CUS_TR_1593,33,Kampala,20,208670.51,383631.27,73986.44,3,0,0
CUS_TR_1594,56,Kampala,31,175481.26,47755.69,42588.81,24,1,1
CUS_TR_1595,61,Kampala,42,396508.03,440692.8,169163.28,17,0,0
CUS_TR_1596,74,Jinja,45,55010.2,382954.74,127511.73,1,0,1
CUS_TR_1597,62,Kampala,59,21583.89,85705.75,142721.65,13,1,0
CUS_TR_1598,59,Mbarara,40,471164.48,41356.43,76612.13,22,1,0
CUS_TR_1599,28,Kampala,6,312040.43,65928.4,26721.43,12,0,0
CUS_TR_1600,21,Jinja,7,1202418.14,274346.8,198683.31,23,0,1
CUS_TR_1601,45,Dar es Salaam,29,31095.22,86653.08,76108.69,14,0,0
CUS_TR_1602,53,Nairobi,12,152155.82,292333.67,144811.53,17,0,0
CUS_TR_1603,71,Nairobi,57,168470.13,209056.35,125808.52,16,0,1
CUS_TR_1604,32,Kampala,28,16275.32,101194.92,27264.73,9,1,0
CUS_TR_1605,62,Kampala,15,206346.34,74738.3,2290.42,2,0,0
CUS_TR_1606,62,Kampala,38,1379455.95,159576.11,159439.34,11,0,0
CUS_TR_1607,38,Kampala,57,1540474.19,252029.53,45487.1,10,0,0
CUS_TR_1608,37,Kampala,20,295517.84,13567.85,27240.26,11,1,0
CUS_TR_1609,21,Kampala,34,160518.28,483657.72,94989.34,23,0,0
CUS_TR_1610,19,Nairobi,32,658880.85,318735.29,32008.91,13,0,0
CUS_TR_1611,36,Dar es Salaam,4,430242.83,65037.38,101109.14,3,1,0
CUS_TR_1612,61,Kampala,16,130881.34,13216.71,211978.69,11,1,0
CUS_TR_1613,18,Kampala,15,371893.5,68289.81,673618.3,14,2,0
CUS_TR_1614,68,Nairobi,53,443230.62,54451.9,85332.27,18,0,0
CUS_TR_1615,18,Gulu,9,95822.74,99693.72,18184.32,22,0,1
CUS_TR_1616,48,Mbarara,52,1689706.24,311306.84,255228.64,21,0,1
CUS_TR_1617,43,Dar es Salaam,30,1246550.57,123766.22,48107.52,12,1,0
CUS_TR_1618,53,Kampala,16,528312.23,98257.37,337698.85,29,0,0
CUS_TR_1619,21,Kampala,16,1046651.46,260217.64,760.72,13,0,0
CUS_TR_1620,43,Kampala,10,374686.91,174984.16,3902.16,12,0,0
CUS_TR_1621,45,Nairobi,49,228002.7,53230.88,257169.08,6,0,0
CUS_TR_1622,38,Dar es Salaam,37,1444094.57,139779.3,56848.57,21,0,0
CUS_TR_1623,55,Dar es Salaam,45,750416.51,220198.97,398178.01,11,0,0
CUS_TR_1624,60,Dar es Salaam,40,180981.63,250126.75,423907.13,10,2,0
CUS_TR_1625,66,Entebbe,47,719953.37,23413.99,97848.2,18,0,0
CUS_TR_1626,42,Kampala,59,277371.31,47982.06,63597.23,16,1,0
CUS_TR_1627,74,Kampala,48,692581.97,193257.68,68116.7,5,2,0
CUS_TR_1628,25,Kampala,44,374123.95,26905.75,16068.15,22,1,0
CUS_TR_1629,30,Nairobi,15,730108.95,125165.52,205246.75,11,2,0
CUS_TR_1630,56,Dar es Salaam,34,872956.22,18877.9,184865.77,29,0,0
CUS_TR_1631,61,Kampala,26,139935.99,138314.1,37649.05,4,0,0
CUS_TR_1632,64,Kampala,17,6447.43,83056.43,87476.97,12,1,0
CUS_TR_1633,46,Nairobi,10,25741.72,291749.95,41017.79,18,0,0
CUS_TR_1634,64,Dar es Salaam,9,191814.76,43344.27,429095.04,14,2,0
CUS_TR_1635,71,Jinja,21,456067.38,179174.62,49641.55,10,1,0
CUS_TR_1636,34,Dar es Salaam,47,203037.63,32652.37,225784.23,9,0,0
CUS_TR_1637,35,Jinja,5,589237.36,234294.21,27711.45,28,0,0
CUS_TR_1638,53,Nairobi,50,71386.3,610988.2,29705.5,4,1,0
CUS_TR_1639,27,Kampala,38,67827.79,187402.6,16075.48,5,0,0
CUS_TR_1640,71,Nairobi,33,87764.14,101796.92,47223.78,0,2,0
CUS_TR_1641,54,Kampala,32,730599.4,216710.93,163562.58,26,0,0
CUS_TR_1642,56,Nairobi,53,8890.43,285888.27,146706.13,16,0,0
CUS_TR_1643,45,Jinja,47,49294.31,372263.59,303067.64,24,1,1
CUS_TR_1644,48,Kampala,9,274170.96,67319.43,45644.53,1,0,1
CUS_TR_1645,33,Nairobi,51,347931.14,30503.82,88678.73,6,0,0
CUS_TR_1646,36,Kampala,26,289846.12,589819.92,133796.49,22,0,0
CUS_TR_1647,25,Nairobi,25,1200353.1,109512.99,35047.03,20,0,0
CUS_TR_1648,43,Dar es Salaam,44,59608.08,299066.8,94885.82,0,0,1
CUS_TR_1649,60,Nairobi,48,144596.64,188522.88,224575.61,14,0,0
CUS_TR_1650,32,Entebbe,7,601830.44,547734.35,94026.02,18,0,0
CUS_TR_1651,38,Nairobi,6,855442.0,62170.81,60419.56,20,0,0
CUS_TR_1652,35,Kampala,31,278680.52,5184.45,485.22,7,1,0
CUS_TR_1653,74,Nairobi,31,241927.9,113668.48,72228.16,9,1,0
CUS_TR_1654,65,Kampala,1,582505.9,60977.56,194996.38,13,0,0
CUS_TR_1655,21,Kampala,49,920407.66,482934.46,8198.0,27,2,1
CUS_TR_1656,26,Kampala,7,822584.19,333510.93,147553.78,3,0,0
CUS_TR_1657,59,Kampala,58,574500.82,270302.38,126310.13,5,1,0
CUS_TR_1658,69,Kampala,28,142354.53,11917.57,192648.11,29,2,1
CUS_TR_1659,37,Nairobi,1,9499.41,226342.11,28564.24,21,1,0
CUS_TR_1660,42,Entebbe,2,290261.98,193517.63,404.02,22,1,0
CUS_TR_1661,24,Kampala,30,473640.81,66634.4,10478.43,13,1,0
CUS_TR_1662,32,Dar es Salaam,5,116460.08,2356.79,140640.16,19,0,0
CUS_TR_1663,68,Nairobi,44,773816.65,181073.08,184679.69,7,0,0
CUS_TR_1664,58,Kampala,22,564060.48,312228.66,213145.11,18,1,0
CUS_TR_1665,37,Nairobi,41,177989.4,339220.81,138365.8,22,0,1
CUS_TR_1666,53,Gulu,10,1225243.08,379032.28,58968.73,29,0,1
CUS_TR_1667,49,Kampala,7,675776.44,213089.03,153769.63,3,0,0
CUS_TR_1668,56,Nairobi,42,391526.9,12360.15,68075.95,7,1,0
CUS_TR_1669,31,Kampala,16,401545.56,90728.98,404803.54,11,0,1
CUS_TR_1670,33,Dar es Salaam,33,192793.05,603182.78,14373.18,11,0,0
CUS_TR_1671,62,Nairobi,51,419959.97,108741.03,20061.16,13,0,0
CUS_TR_1672,31,Kampala,6,642569.45,1466.47,73809.5,23,1,0
CUS_TR_1673,60,Kampala,13,125153.9,188865.85,24345.82,26,0,0
CUS_TR_1674,32,Kampala,44,299935.89,80107.72,77605.05,1,0,0
CUS_TR_1675,34,Dar es Salaam,34,850229.0,234522.67,106418.91,22,0,0
CUS_TR_1676,60,Gulu,12,207194.64,174193.35,192205.22,16,1,0
CUS_TR_1677,24,Gulu,32,507084.55,167640.28,34648.62,5,0,0
CUS_TR_1678,70,Nairobi,8,40107.55,463235.9,188330.3,12,1,0
CUS_TR_1679,42,Kampala,21,594294.05,115557.33,363759.26,24,0,0
CUS_TR_1680,21,Nairobi,3,484292.19,33874.02,529197.2,1,0,1
CUS_TR_1681,28,Kampala,49,957923.47,85772.42,159490.92,29,0,0
CUS_TR_1682,21,Mbarara,16,236315.64,623381.31,24209.91,13,1,0
CUS_TR_1683,61,Kampala,17,1449150.56,25230.92,60873.77,14,1,0
CUS_TR_1684,21,Kampala,57,317880.15,24540.06,57340.37,8,1,0
CUS_TR_1685,34,Kampala,14,414961.58,234659.06,33037.39,12,0,0
CUS_TR_1686,21,Entebbe,13,88716.79,140084.38,3045.0,24,0,0
CUS_TR_1687,34,Jinja,47,219155.86,199008.79,133821.59,15,0,0
CUS_TR_1688,68,Jinja,4,228037.98,77689.56,124841.53,14,0,0
CUS_TR_1689,55,Kampala,9,201586.85,34672.23,180574.04,17,0,0
CUS_TR_1690,46,Mbarara,7,72705.67,6647.58,325056.45,8,0,0
CUS_TR_1691,50,Kampala,40,64006.3,380542.33,72931.79,19,0,0
CUS_TR_1692,50,Mbarara,30,124808.15,104176.88,14422.35,20,0,0
CUS_TR_1693,38,Nairobi,33,485187.04,252863.1,99754.56,8,0,1
CUS_TR_1694,28,Dar es Salaam,47,278369.17,55781.3,75051.37,12,0,0
CUS_TR_1695,46,Kampala,11,1285918.39,252534.04,1755.12,29,0,1
CUS_TR_1696,18,Kampala,22,57178.68,197321.37,149947.49,1,1,0
CUS_TR_1697,69,Kampala,32,423165.18,119920.11,230099.32,3,0,0
CUS_TR_1698,39,Mbarara,41,654142.05,81511.18,347980.44,9,0,0
CUS_TR_1699,74,Kampala,15,670822.53,17064.27,56994.93,14,0,0
CUS_TR_1700,45,Entebbe,23,1350692.02,187334.45,245114.87,14,0,0
CUS_TR_1701,49,Jinja,3,53274.78,353508.46,40734.68,4,0,0
CUS_TR_1702,74,Kampala,56,29570.39,211426.13,286326.54,24,0,0
CUS_TR_1703,21,Jinja,4,82280.51,777821.73,124937.54,2,0,0
CUS_TR_1704,72,Kampala,57,229426.58,295859.86,28772.24,7,2,0
CUS_TR_1705,57,Jinja,15,224036.86,191060.51,175427.08,0,1,0
CUS_TR_1706,55,Mbarara,38,605737.61,297034.2,14659.31,6,1,1
CUS_TR_1707,48,Kampala,47,130989.81,310176.04,188446.82,10,1,0
CUS_TR_1708,51,Entebbe,9,352712.99,247565.86,101778.66,15,1,0
CUS_TR_1709,63,Kampala,9,102765.62,48138.86,24410.67,25,3,0
CUS_TR_1710,61,Kampala,41,337469.23,12151.15,213641.96,26,1,1
CUS_TR_1711,72,Kampala,14,248223.34,24307.61,44749.43,6,0,1
CUS_TR_1712,32,Kampala,31,584683.01,942776.26,180420.63,28,0,0
CUS_TR_1713,54,Jinja,52,1269992.9,195113.37,362392.83,4,1,0
CUS_TR_1714,63,Dar es Salaam,3,243644.31,24654.11,88730.61,7,0,0
CUS_TR_1715,32,Kampala,7,2884900.67,224915.2,169810.89,17,1,0
CUS_TR_1716,34,Kampala,39,278913.34,219798.43,142706.99,26,1,1
CUS_TR_1717,73,Kampala,6,625812.3,587026.98,282397.61,6,0,1
CUS_TR_1718,48,Kampala,19,259331.32,210899.27,242731.8,14,0,1
CUS_TR_1719,60,Kampala,8,9367.54,558940.9,183649.69,29,0,1
CUS_TR_1720,60,Kampala,11,160083.42,92024.91,454156.41,12,2,0
CUS_TR_1721,44,Jinja,41,1698259.35,209023.11,3693.27,19,0,0
CUS_TR_1722,74,Nairobi,20,456210.5,154943.49,95161.25,11,1,0
CUS_TR_1723,36,Kampala,41,186012.25,19345.26,388573.26,24,1,0
CUS_TR_1724,41,Kampala,52,1815925.71,402721.12,68550.59,10,1,0
CUS_TR_1725,43,Kampala,53,187852.55,25361.09,27862.28,9,0,0
CUS_TR_1726,70,Kampala,21,95855.45,221792.18,42635.03,0,0,0
CUS_TR_1727,59,Nairobi,56,338980.6,17427.01,24143.3,2,0,0
CUS_TR_1728,64,Kampala,36,127981.95,586007.38,318468.34,8,0,0
CUS_TR_1729,22,Jinja,56,395236.64,280406.9,172095.79,20,1,0
CUS_TR_1730,65,Dar es Salaam,33,19768.32,7899.45,110278.27,8,1,0
CUS_TR_1731,46,Jinja,5,162797.12,82933.87,366958.34,28,1,0
CUS_TR_1732,53,Kampala,29,858564.87,161813.74,70232.4,4,0,0
CUS_TR_1733,61,Kampala,8,364981.22,65883.93,91805.35,18,0,0
CUS_TR_1734,66,Kampala,52,698547.85,10338.08,47454.02,26,0,0
CUS_TR_1735,25,Kampala,56,474020.0,381391.18,6642.65,19,1,0
CUS_TR_1736,21,Jinja,21,495756.44,130036.64,147441.0,1,0,0
CUS_TR_1737,43,Nairobi,50,612115.79,94575.4,409728.32,16,0,0
CUS_TR_1738,59,Kampala,35,1441321.53,234322.01,145777.35,20,0,0
CUS_TR_1739,38,Kampala,8,84270.8,193853.68,56342.88,22,0,1
CUS_TR_1740,65,Kampala,50,235200.37,80162.38,115246.61,12,0,0
CUS_TR_1741,67,Dar es Salaam,18,292083.28,91677.62,221776.69,23,1,1
CUS_TR_1742,61,Kampala,1,619922.79,45673.17,154908.42,6,1,0
CUS_TR_1743,43,Mbarara,51,128804.06,382266.3,52750.53,1,0,1
CUS_TR_1744,73,Kampala,37,348465.34,1721.1,537137.74,19,0,0
CUS_TR_1745,26,Entebbe,11,1369674.35,294551.07,102597.49,1,0,0
CUS_TR_1746,56,Nairobi,48,581040.67,651492.72,221909.01,12,0,0
CUS_TR_1747,23,Jinja,45,1104560.56,181113.36,38015.29,0,0,1
CUS_TR_1748,62,Dar es Salaam,39,388949.27,61331.69,82259.95,9,0,0
CUS_TR_1749,59,Dar es Salaam,21,35815.96,16896.51,10519.13,4,0,0
CUS_TR_1750,40,Mbarara,40,699939.78,18021.72,42996.41,9,1,0
CUS_TR_1751,50,Kampala,25,393711.45,118105.81,36504.29,16,1,0
CUS_TR_1752,56,Jinja,45,82530.61,139963.51,297691.03,0,0,0
CUS_TR_1753,27,Gulu,16,521534.46,90067.62,326973.65,25,1,0
CUS_TR_1754,33,Jinja,11,11779.67,129467.68,132543.92,19,1,0
CUS_TR_1755,51,Dar es Salaam,51,482610.4,186021.0,56237.08,9,0,0
CUS_TR_1756,32,Kampala,14,330931.69,48148.58,261780.78,24,0,0
CUS_TR_1757,31,Kampala,27,132257.14,90670.05,13571.22,18,0,0
CUS_TR_1758,58,Jinja,29,498649.91,51300.82,45081.98,2,0,0
CUS_TR_1759,70,Dar es Salaam,42,1222854.63,77232.71,96767.62,23,1,0
CUS_TR_1760,54,Nairobi,41,283663.67,60968.55,144303.51,0,0,0
CUS_TR_1761,50,Dar es Salaam,11,2243348.28,91711.66,102747.02,7,3,1
CUS_TR_1762,32,Jinja,39,473495.95,82746.82,471956.81,21,2,1
CUS_TR_1763,36,Kampala,16,136505.76,446523.07,639497.36,7,0,0
CUS_TR_1764,58,Kampala,26,34175.2,32800.59,50607.8,15,1,0
CUS_TR_1765,26,Gulu,54,122259.89,244369.75,42667.16,8,0,0
CUS_TR_1766,18,Kampala,38,375013.66,382347.71,212085.73,24,0,0
CUS_TR_1767,27,Jinja,53,2030674.11,182765.2,16801.34,12,1,0
CUS_TR_1768,57,Entebbe,12,335771.96,266712.37,5295.17,7,0,0
CUS_TR_1769,63,Entebbe,14,252691.92,76917.73,20241.81,1,0,0
CUS_TR_1770,26,Entebbe,55,97822.45,187001.4,144253.42,9,1,0
CUS_TR_1771,54,Kampala,5,284433.83,295728.09,20438.91,22,0,1
CUS_TR_1772,69,Kampala,48,319189.67,99856.56,31972.38,23,1,0
CUS_TR_1773,60,Kampala,53,115569.31,31205.69,153316.67,26,0,0
CUS_TR_1774,68,Entebbe,37,116289.99,582807.47,202225.75,8,0,0
CUS_TR_1775,59,Nairobi,19,340569.32,16848.21,291804.23,15,0,0
CUS_TR_1776,53,Kampala,21,617298.42,45477.48,166580.39,20,1,0
CUS_TR_1777,48,Kampala,51,87365.99,380141.48,134088.25,16,0,0
CUS_TR_1778,62,Kampala,1,238275.28,136050.04,125259.57,1,1,0
CUS_TR_1779,51,Nairobi,37,112593.0,163595.19,372854.42,10,2,0
CUS_TR_1780,47,Dar es Salaam,45,751717.99,475713.75,494184.5,18,1,0
CUS_TR_1781,26,Kampala,3,1620468.89,104566.62,848775.49,18,0,0
CUS_TR_1782,32,Dar es Salaam,36,548288.06,38299.67,393069.68,0,1,0
CUS_TR_1783,49,Kampala,44,37017.71,127244.01,65818.06,8,0,0
CUS_TR_1784,65,Nairobi,3,106023.74,31922.06,265449.69,16,1,1
CUS_TR_1785,54,Gulu,42,103634.73,119377.68,162555.44,25,1,0
CUS_TR_1786,33,Dar es Salaam,31,346258.21,446748.12,172887.76,25,1,0
CUS_TR_1787,50,Jinja,12,116128.05,571206.79,149348.4,21,0,1
CUS_TR_1788,51,Kampala,38,1071264.54,120028.85,167385.26,3,0,0
CUS_TR_1789,44,Nairobi,38,60429.35,75635.22,278825.18,18,1,0
CUS_TR_1790,50,Entebbe,31,409696.82,20509.14,21423.15,19,0,1
CUS_TR_1791,38,Entebbe,46,130251.76,320.22,315322.98,17,3,0
CUS_TR_1792,66,Kampala,7,38716.0,48957.9,135237.93,5,1,0
CUS_TR_1793,68,Gulu,8,124156.45,142779.63,14849.13,7,0,0
CUS_TR_1794,60,Kampala,24,1012332.94,91303.15,321621.97,27,0,0
CUS_TR_1795,21,Dar es Salaam,46,159695.17,202602.08,391209.14,19,1,0
CUS_TR_1796,32,Kampala,42,1414080.35,318705.5,87799.86,14,0,0
CUS_TR_1797,49,Kampala,57,550623.29,109593.69,15237.76,1,0,0
CUS_TR_1798,71,Nairobi,3,2864238.83,121489.54,133505.22,27,1,1
CUS_TR_1799,24,Entebbe,28,99978.81,13888.78,46522.51,0,0,0
CUS_TR_1800,52,Kampala,25,151448.17,133351.48,300475.01,0,0,0
CUS_TR_1801,60,Jinja,1,1536386.9,67243.68,196489.91,27,0,0
CUS_TR_1802,59,Kampala,8,399207.29,36938.48,165222.43,19,0,0
CUS_TR_1803,36,Dar es Salaam,44,152504.64,753858.9,271592.35,22,1,0
CUS_TR_1804,56,Nairobi,58,387332.39,543.1,142892.36,21,1,1
CUS_TR_1805,73,Mbarara,27,136968.28,492866.21,86261.8,24,1,1
CUS_TR_1806,71,Dar es Salaam,13,755645.13,398938.0,482676.86,23,1,0
CUS_TR_1807,50,Dar es Salaam,20,397059.89,236061.44,94537.0,24,0,1
CUS_TR_1808,40,Jinja,29,827408.34,12725.94,96832.62,26,0,0
CUS_TR_1809,57,Jinja,39,679224.72,56271.24,92539.02,25,0,1
CUS_TR_1810,35,Kampala,16,12039.59,347727.17,171704.16,27,1,0
CUS_TR_1811,33,Kampala,53,264720.43,422518.38,125411.31,21,0,0
CUS_TR_1812,18,Nairobi,7,1425372.91,755691.4,56863.78,14,0,0
CUS_TR_1813,68,Kampala,47,872616.83,70233.55,235758.03,18,1,0
CUS_TR_1814,32,Jinja,19,167886.11,187743.05,193668.34,7,0,0
CUS_TR_1815,45,Dar es Salaam,19,415513.64,87287.2,169684.49,28,0,0
CUS_TR_1816,32,Dar es Salaam,45,1120547.69,18128.24,143653.79,6,1,0
CUS_TR_1817,37,Nairobi,2,1281797.01,84109.03,299536.13,25,2,1
CUS_TR_1818,52,Nairobi,47,6559.51,271773.64,31110.26,21,0,1
CUS_TR_1819,66,Jinja,3,316241.94,113789.12,93331.31,6,0,0
CUS_TR_1820,60,Kampala,50,348637.42,103770.13,92849.69,6,0,0
CUS_TR_1821,38,Kampala,47,1866331.43,105264.71,268236.4,17,0,0
CUS_TR_1822,60,Kampala,34,708772.7,40722.67,36759.44,0,0,0
CUS_TR_1823,72,Kampala,57,138755.0,496389.81,74729.01,29,0,0
CUS_TR_1824,33,Dar es Salaam,30,406990.1,199338.33,136730.68,26,1,1
CUS_TR_1825,28,Kampala,58,2051089.93,595422.12,34217.42,23,1,1
CUS_TR_1826,55,Nairobi,4,264870.64,14834.65,175064.85,13,1,0
CUS_TR_1827,31,Gulu,25,808008.63,290078.69,461758.88,14,1,0
CUS_TR_1828,60,Jinja,57,395880.25,283755.17,212105.29,5,1,1
CUS_TR_1829,53,Kampala,36,822031.95,149988.45,64012.51,12,1,1
CUS_TR_1830,24,Entebbe,57,1024322.27,1015892.63,135178.08,12,0,0
CUS_TR_1831,36,Dar es Salaam,58,84452.23,94743.75,94072.33,10,1,0
CUS_TR_1832,68,Kampala,30,681080.34,56781.35,74044.01,19,1,0
CUS_TR_1833,38,Dar es Salaam,44,314550.13,505027.54,47175.68,28,0,0
CUS_TR_1834,40,Kampala,42,327091.56,94812.72,250277.77,14,2,0
CUS_TR_1835,62,Nairobi,46,401108.23,272414.97,146142.64,20,1,1
CUS_TR_1836,58,Kampala,43,447758.13,253682.72,23859.49,17,0,1
CUS_TR_1837,32,Kampala,55,343155.99,101085.95,39261.56,17,1,0
CUS_TR_1838,56,Entebbe,35,1007538.55,15327.9,41065.77,27,0,1
CUS_TR_1839,59,Kampala,18,671800.17,356915.72,105722.67,7,0,1
CUS_TR_1840,47,Mbarara,40,157145.35,117144.62,174074.41,5,1,1
CUS_TR_1841,27,Kampala,55,2491081.52,35941.96,374618.95,21,0,0
CUS_TR_1842,72,Kampala,17,8180.26,67954.08,284836.24,1,1,0
CUS_TR_1843,47,Jinja,19,153855.69,125438.52,39994.48,12,0,0
CUS_TR_1844,38,Kampala,2,148520.54,41950.32,91808.6,28,1,1
CUS_TR_1845,35,Mbarara,26,504236.22,182.75,61834.06,7,1,0
CUS_TR_1846,72,Kampala,43,2230523.63,387982.83,47619.59,1,0,1
CUS_TR_1847,63,Kampala,46,1734109.19,15801.07,346755.87,4,0,0
CUS_TR_1848,29,Entebbe,51,569098.79,72806.03,18536.44,2,2,1
CUS_TR_1849,64,Nairobi,57,796003.53,502683.17,34729.21,21,0,0
CUS_TR_1850,43,Kampala,27,478208.81,181227.83,159300.37,5,0,0
CUS_TR_1851,30,Nairobi,52,1120612.78,148581.44,82753.13,20,1,0
CUS_TR_1852,50,Mbarara,35,86276.0,222887.49,398330.4,19,0,0
CUS_TR_1853,69,Jinja,53,193450.64,168432.15,186757.6,1,1,0
CUS_TR_1854,40,Nairobi,45,86914.31,480937.21,27663.1,28,0,0
CUS_TR_1855,65,Kampala,43,148277.54,158647.07,136092.65,27,0,0
CUS_TR_1856,59,Kampala,57,115160.96,204281.1,96243.24,12,0,0
CUS_TR_1857,52,Kampala,56,1234859.79,234278.36,183656.33,1,1,0
CUS_TR_1858,64,Jinja,27,404496.28,423667.02,33848.24,23,0,0
CUS_TR_1859,60,Kampala,13,519740.55,199593.11,186073.88,18,1,0
CUS_TR_1860,55,Kampala,25,328589.62,294436.44,190738.87,20,0,1
CUS_TR_1861,54,Nairobi,42,2019048.32,21741.62,184972.24,29,0,0
CUS_TR_1862,27,Kampala,25,284820.1,124121.52,39762.97,17,1,0
CUS_TR_1863,61,Kampala,51,340745.02,492856.72,108517.92,19,1,0
CUS_TR_1864,24,Kampala,51,1418558.78,80093.19,238165.74,11,0,0
CUS_TR_1865,40,Kampala,23,439872.56,19804.39,72854.15,21,0,0
CUS_TR_1866,34,Kampala,36,974135.36,378195.55,455530.93,11,1,0
CUS_TR_1867,42,Kampala,34,112163.86,157647.96,4284.52,5,0,0
CUS_TR_1868,46,Entebbe,46,235329.01,480813.82,40469.0,13,0,0
CUS_TR_1869,23,Kampala,20,978482.2,87930.93,163033.16,23,0,0
CUS_TR_1870,55,Entebbe,55,16342.4,202775.24,6775.49,28,1,0
CUS_TR_1871,61,Kampala,15,902344.33,34226.27,251099.91,24,0,0
CUS_TR_1872,72,Kampala,36,125389.5,251184.52,42471.98,11,0,0
CUS_TR_1873,36,Kampala,53,194690.51,138721.88,7933.88,27,4,1
CUS_TR_1874,58,Kampala,42,1692506.49,40442.06,423248.7,18,0,0
CUS_TR_1875,51,Nairobi,34,620840.15,118798.65,290385.93,13,0,0
CUS_TR_1876,52,Kampala,15,166129.11,315613.79,34139.61,23,1,0
CUS_TR_1877,69,Kampala,40,308634.58,48631.25,324319.6,4,0,0
CUS_TR_1878,74,Nairobi,56,11878.82,135941.2,292898.4,22,1,1
CUS_TR_1879,32,Kampala,9,276879.53,21479.87,528047.78,4,0,0
CUS_TR_1880,35,Kampala,26,1514737.87,145128.62,45267.46,7,0,0
CUS_TR_1881,21,Entebbe,37,314893.37,45380.28,335437.98,17,0,0
CUS_TR_1882,34,Kampala,38,417921.22,9946.94,176840.79,22,1,0
CUS_TR_1883,52,Entebbe,32,119303.38,667059.41,559206.82,21,1,0
CUS_TR_1884,54,Jinja,28,171700.26,444784.93,570979.48,15,1,0
CUS_TR_1885,37,Nairobi,15,24911.42,36732.13,296616.89,23,0,1
CUS_TR_1886,21,Jinja,52,1176166.76,9974.35,73846.28,12,0,0
CUS_TR_1887,61,Kampala,23,301249.92,89254.62,119190.37,27,0,1
CUS_TR_1888,23,Dar es Salaam,23,769564.21,91285.65,231505.84,17,1,0
CUS_TR_1889,64,Kampala,32,71284.43,86425.9,50241.41,3,0,0
CUS_TR_1890,62,Gulu,45,543323.97,229259.41,31658.02,29,0,0
CUS_TR_1891,51,Nairobi,50,406760.21,63993.02,72851.2,17,1,0
CUS_TR_1892,68,Kampala,29,246079.54,779.72,135881.64,2,1,0
CUS_TR_1893,36,Kampala,24,28495.21,102819.32,697394.81,24,0,0
CUS_TR_1894,68,Entebbe,36,105850.34,632041.84,237308.49,15,4,1
CUS_TR_1895,66,Kampala,53,747120.14,966731.83,924759.17,12,0,0
CUS_TR_1896,19,Entebbe,26,684322.84,50792.88,221518.45,22,1,1
CUS_TR_1897,68,Kampala,59,584470.87,14602.87,373775.78,18,0,0
CUS_TR_1898,64,Entebbe,8,113238.08,212072.48,67277.86,5,0,1
CUS_TR_1899,50,Kampala,39,348435.79,115455.35,121608.04,22,2,1
CUS_TR_1900,61,Entebbe,31,102125.31,338568.01,60961.54,16,0,0
CUS_TR_1901,46,Kampala,58,1892.59,658031.23,350387.53,9,0,0
CUS_TR_1902,25,Nairobi,50,496049.03,282410.18,55751.31,0,1,1
CUS_TR_1903,23,Jinja,58,506222.92,166626.46,181053.91,3,0,0
CUS_TR_1904,48,Jinja,22,527442.04,266790.68,161751.99,29,0,1
CUS_TR_1905,72,Mbarara,16,235632.73,545490.52,252206.58,11,0,0
CUS_TR_1906,42,Nairobi,44,88338.6,148236.37,106399.1,5,1,0
CUS_TR_1907,40,Kampala,45,373049.44,39091.14,122329.73,12,0,0
CUS_TR_1908,71,Kampala,21,50303.85,377793.35,561586.8,27,0,0
CUS_TR_1909,35,Kampala,41,408790.46,145185.5,128751.99,0,0,0
CUS_TR_1910,38,Kampala,28,747340.86,359372.95,168321.37,17,0,0
CUS_TR_1911,20,Kampala,32,367340.72,117860.56,183540.16,12,0,1
CUS_TR_1912,57,Jinja,5,221951.53,131590.79,298100.06,17,0,0
CUS_TR_1913,63,Nairobi,57,204793.39,177264.27,124846.83,1,2,0
CUS_TR_1914,63,Entebbe,30,1163215.52,109521.01,18717.07,19,1,0
CUS_TR_1915,29,Kampala,13,1313272.29,299994.3,78461.11,16,0,0
CUS_TR_1916,72,Dar es Salaam,55,333526.98,128976.19,221416.43,27,0,0
CUS_TR_1917,30,Kampala,22,385173.41,35267.79,225178.04,22,1,0
CUS_TR_1918,41,Entebbe,23,593628.75,179362.33,97606.18,27,0,1
CUS_TR_1919,25,Kampala,49,125838.04,8511.98,8186.78,1,0,0
CUS_TR_1920,70,Kampala,24,1082803.34,656635.91,139825.23,5,0,0
CUS_TR_1921,73,Kampala,2,406229.31,197318.07,205064.9,14,0,0
CUS_TR_1922,19,Kampala,16,413332.64,596221.34,462.38,11,1,1
CUS_TR_1923,66,Kampala,37,156685.83,73564.15,98837.63,20,2,0
CUS_TR_1924,36,Jinja,21,966824.81,422613.05,221914.22,5,0,0
CUS_TR_1925,52,Jinja,38,1546614.0,180582.85,147647.68,21,1,1
CUS_TR_1926,49,Mbarara,45,1568756.29,62446.01,438982.36,29,0,0
CUS_TR_1927,25,Kampala,6,790981.46,449832.08,19024.15,18,0,0
CUS_TR_1928,48,Kampala,29,1360277.38,85038.94,123170.31,5,0,0
CUS_TR_1929,49,Kampala,53,350402.63,48543.25,69121.1,22,1,0
CUS_TR_1930,74,Entebbe,48,101859.39,28507.6,209856.94,0,1,0
CUS_TR_1931,45,Kampala,23,439346.97,7382.87,29801.95,11,1,0
CUS_TR_1932,71,Dar es Salaam,27,783969.64,284388.31,11908.12,27,0,0
CUS_TR_1933,26,Dar es Salaam,49,417375.04,421057.59,383308.51,22,0,1
CUS_TR_1934,35,Kampala,30,11813.97,365905.43,357935.13,19,1,0
CUS_TR_1935,69,Jinja,37,266223.76,217925.09,19552.84,4,1,0
CUS_TR_1936,59,Nairobi,40,1450963.17,77979.82,54524.19,0,0,0
CUS_TR_1937,53,Nairobi,13,64905.86,127516.84,59765.03,15,0,1
CUS_TR_1938,20,Kampala,33,873255.7,47727.81,63906.9,6,1,0
CUS_TR_1939,26,Kampala,58,65940.88,31205.01,1285.36,0,1,0
CUS_TR_1940,62,Kampala,59,635441.01,134364.96,126592.58,25,0,1
CUS_TR_1941,49,Dar es Salaam,40,288828.63,75850.99,61851.57,0,0,0
CUS_TR_1942,61,Jinja,18,199891.4,243094.72,128223.66,16,0,0
CUS_TR_1943,50,Dar es Salaam,7,2325285.84,115314.06,312967.11,22,0,1
CUS_TR_1944,22,Nairobi,30,397099.78,260470.67,836908.85,13,0,0
CUS_TR_1945,30,Mbarara,39,818321.26,833500.78,30591.72,13,0,0
CUS_TR_1946,34,Dar es Salaam,18,558284.92,250652.76,15774.75,4,0,0
CUS_TR_1947,54,Kampala,10,655076.16,23001.48,39595.62,17,1,0
CUS_TR_1948,58,Mbarara,11,499007.84,423294.8,75297.09,17,0,0
CUS_TR_1949,28,Nairobi,37,732370.15,26696.91,207958.81,4,0,0
CUS_TR_1950,60,Nairobi,57,1057068.79,150728.28,309957.42,12,0,0
CUS_TR_1951,65,Mbarara,42,1152123.38,435429.04,261376.55,14,0,1
CUS_TR_1952,35,Jinja,59,28000.85,281685.45,86480.2,27,0,0
CUS_TR_1953,41,Kampala,54,1222383.72,61128.53,534166.0,16,1,0
CUS_TR_1954,42,Kampala,24,29427.41,171543.9,141968.82,23,0,0
CUS_TR_1955,48,Kampala,11,48796.45,138116.77,4373.31,9,0,0
CUS_TR_1956,61,Kampala,50,823836.64,5372.16,96632.55,5,1,0
CUS_TR_1957,55,Kampala,29,1101759.38,149660.4,518734.44,29,1,1
CUS_TR_1958,59,Kampala,54,438743.29,888081.0,8440.83,23,0,1
CUS_TR_1959,58,Kampala,49,467483.31,218801.64,215108.3,8,0,0
CUS_TR_1960,52,Kampala,31,187629.76,29589.42,131916.16,8,1,1
CUS_TR_1961,68,Kampala,39,356663.79,182113.73,162979.72,10,1,0
CUS_TR_1962,21,Nairobi,23,756846.76,179522.83,149142.96,1,1,0
CUS_TR_1963,63,Entebbe,32,114932.66,199341.64,63190.56,19,1,0
CUS_TR_1964,18,Entebbe,18,1074834.11,151788.66,121223.63,21,2,1
CUS_TR_1965,31,Kampala,46,399232.24,157886.52,215762.47,7,0,0
CUS_TR_1966,24,Kampala,36,425653.04,72144.42,129363.01,12,3,1
CUS_TR_1967,38,Kampala,30,145821.35,393214.67,145731.17,2,0,0
CUS_TR_1968,58,Dar es Salaam,10,44669.3,113370.29,32260.42,22,3,1
CUS_TR_1969,33,Kampala,38,389484.2,297676.13,271105.79,26,0,0
CUS_TR_1970,51,Mbarara,26,195493.56,420898.54,35596.96,23,0,1
CUS_TR_1971,64,Entebbe,48,136701.42,253280.46,89140.47,28,0,0
CUS_TR_1972,30,Kampala,42,583922.99,256033.85,20620.11,15,1,0
CUS_TR_1973,40,Dar es Salaam,57,39445.32,275114.28,162036.79,27,0,0
CUS_TR_1974,42,Jinja,4,62746.45,100966.63,308845.53,14,0,0
CUS_TR_1975,42,Nairobi,54,54593.67,140174.42,80840.86,29,0,0
CUS_TR_1976,65,Jinja,33,327467.65,34201.27,11991.31,17,0,0
CUS_TR_1977,66,Nairobi,10,500211.38,103352.54,317483.76,12,1,0
CUS_TR_1978,40,Kampala,19,446383.02,3795.14,108173.29,22,1,0
CUS_TR_1979,44,Dar es Salaam,51,378322.77,17334.35,1785.47,2,2,0
CUS_TR_1980,23,Jinja,26,447914.28,131230.36,12245.23,21,1,1
CUS_TR_1981,41,Kampala,39,99541.25,190436.53,159547.31,28,0,0
CUS_TR_1982,70,Dar es Salaam,28,649685.98,557358.31,221730.86,1,2,0
CUS_TR_1983,55,Jinja,12,546575.01,414023.91,297741.05,20,0,0
CUS_TR_1984,61,Jinja,25,188732.32,18800.77,109132.22,18,1,0
CUS_TR_1985,44,Nairobi,56,466127.42,330244.63,155730.01,14,0,0
CUS_TR_1986,26,Kampala,49,340072.99,429987.59,201402.81,5,0,0
CUS_TR_1987,31,Kampala,11,869785.12,27113.73,3821.23,3,1,1
CUS_TR_1988,18,Nairobi,22,322051.2,86006.74,50600.73,23,1,0
CUS_TR_1989,34,Kampala,48,352780.82,79575.41,32241.02,24,1,1
CUS_TR_1990,63,Kampala,15,210384.8,128625.2,55642.67,9,0,0
CUS_TR_1991,38,Kampala,33,1347141.51,49398.21,208054.64,7,2,1
CUS_TR_1992,55,Mbarara,29,370147.5,43224.3,599379.19,1,0,0
CUS_TR_1993,24,Kampala,37,513402.29,410971.33,71893.8,28,1,1
CUS_TR_1994,59,Entebbe,50,1206156.59,152104.49,154112.89,8,0,0
CUS_TR_1995,23,Jinja,30,838742.08,124591.72,179765.31,26,2,1
CUS_TR_1996,44,Kampala,17,87481.98,50451.34,51891.76,1,1,0
CUS_TR_1997,63,Entebbe,4,1310520.78,63564.86,16777.02,28,2,1
CUS_TR_1998,20,Kampala,33,6740.58,561794.76,15659.63,28,1,1
CUS_TR_1999,65,Nairobi,6,425069.3,213194.9,47021.51,18,1,0
