customer_id,age,location,tenure_months,account_balance,avg_monthly_deposits,avg_monthly_withdrawals,days_since_last_transaction,customer_support_tickets,churned
CUS_PROD_0000,48,Nairobi,58,888141.17,156861.72,109143.56,19,1,0
CUS_PROD_0001,36,Kampala,27,343698.06,26490.36,25657.76,16,0,0
CUS_PROD_0002,48,Kampala,10,372150.99,1956.89,401507.77,31,0,1
CUS_PROD_0003,30,Entebbe,50,576231.43,90277.59,75142.11,5,0,0
CUS_PROD_0004,74,Gulu,40,268060.29,39950.21,373436.65,31,0,0
CUS_PROD_0005,21,Kampala,38,74111.31,73874.02,189461.43,19,0,0
CUS_PROD_0006,37,Kampala,23,129221.43,31934.94,79815.63,17,0,0
CUS_PROD_0007,30,Jinja,13,410797.93,198541.0,63517.0,37,0,1
CUS_PROD_0008,50,Mbarara,54,162817.28,198803.6,59146.76,31,0,0
CUS_PROD_0009,40,Gulu,9,253523.04,270408.04,38156.44,19,0,0
CUS_PROD_0010,74,Gulu,4,151111.85,576167.93,430647.81,8,1,0
CUS_PROD_0011,55,Gulu,44,65054.27,281261.11,160002.38,32,1,0
CUS_PROD_0012,28,Kampala,12,17400.85,157135.91,82301.78,37,0,1
CUS_PROD_0013,32,Gulu,46,264722.84,178234.72,87363.45,42,1,1
CUS_PROD_0014,51,Kampala,36,105439.42,328583.08,18670.12,24,1,1
CUS_PROD_0015,58,Dar es Salaam,13,325579.09,517964.17,359679.86,33,0,0
CUS_PROD_0016,55,Kampala,46,194188.24,748209.4,122842.29,23,1,0
CUS_PROD_0017,41,Kampala,48,119381.4,152760.75,26360.96,30,0,0
CUS_PROD_0018,55,Mbarara,46,542706.41,115833.91,120421.91,30,1,1
CUS_PROD_0019,65,Kampala,42,501007.17,114196.41,298579.3,9,0,0
CUS_PROD_0020,38,Dar es Salaam,39,278805.93,298241.75,367792.0,27,0,0
CUS_PROD_0021,34,Entebbe,54,152770.59,81144.09,313090.22,27,0,1
CUS_PROD_0022,18,Gulu,36,285123.89,211804.61,2823.55,30,0,0
CUS_PROD_0023,71,Kampala,55,109966.14,103894.41,11319.19,7,0,0
CUS_PROD_0024,21,Gulu,16,316164.44,69310.34,241233.27,44,0,0
CUS_PROD_0025,54,Gulu,39,114088.24,650681.37,9707.02,43,1,0
CUS_PROD_0026,43,Nairobi,53,396284.03,279143.61,353670.65,23,0,1
CUS_PROD_0027,35,Kampala,10,85353.31,394656.73,2513.67,20,1,0
CUS_PROD_0028,34,Nairobi,17,222361.51,7275.54,67535.65,39,1,1
CUS_PROD_0029,73,Kampala,6,650993.52,231359.01,671685.45,34,0,1
CUS_PROD_0030,29,Gulu,29,720942.98,341332.82,437250.96,33,1,0
CUS_PROD_0031,63,Kampala,2,22645.75,221456.0,355077.61,24,0,0
CUS_PROD_0032,18,Gulu,59,444411.9,162389.72,32867.11,6,1,0
CUS_PROD_0033,46,Kampala,12,147339.47,386269.63,398748.4,25,0,0
CUS_PROD_0034,51,Nairobi,1,54837.01,191212.79,147548.1,19,1,0
CUS_PROD_0035,27,Kampala,11,91521.81,189094.75,1811.31,25,1,1
CUS_PROD_0036,45,Kampala,55,151423.47,234649.12,119392.85,22,0,0
CUS_PROD_0037,31,Kampala,17,231520.7,111414.46,502845.54,42,2,1
CUS_PROD_0038,69,Entebbe,54,51464.2,82926.94,77451.36,38,0,0
CUS_PROD_0039,44,Gulu,8,74489.03,61568.06,204259.49,34,1,0
CUS_PROD_0040,59,Nairobi,41,786600.23,216335.28,268712.5,14,1,0
CUS_PROD_0041,60,Gulu,32,37834.14,511274.72,90523.55,17,1,0
CUS_PROD_0042,54,Gulu,41,86371.39,144611.87,7761.75,28,0,1
CUS_PROD_0043,60,Dar es Salaam,29,1148038.85,165687.38,140990.84,36,0,0
CUS_PROD_0044,60,Entebbe,3,102515.8,218732.07,80842.0,34,0,1
CUS_PROD_0045,33,Kampala,37,216180.34,103768.89,360993.9,22,0,0
CUS_PROD_0046,71,Jinja,38,24831.55,105276.88,431948.04,39,0,0
CUS_PROD_0047,55,Gulu,10,109050.64,149189.32,325587.66,36,2,1
CUS_PROD_0048,60,Dar es Salaam,57,71115.25,239852.15,67191.11,15,1,0
CUS_PROD_0049,46,Kampala,55,448494.9,211305.52,175015.43,15,0,0
CUS_PROD_0050,49,Gulu,38,510525.4,49497.2,20313.42,18,0,0
CUS_PROD_0051,70,Gulu,58,80370.32,22184.8,247887.76,44,0,0
CUS_PROD_0052,49,Mbarara,28,51331.57,176061.98,208539.39,30,1,0
CUS_PROD_0053,27,Kampala,37,434967.15,53429.73,57127.95,14,0,0
CUS_PROD_0054,23,Kampala,47,433148.92,233331.03,52623.06,12,0,0
CUS_PROD_0055,39,Mbarara,13,109564.93,194675.87,229902.69,12,1,0
CUS_PROD_0056,70,Kampala,28,190545.62,612883.78,156326.94,18,2,0
CUS_PROD_0057,46,Kampala,38,239803.0,95038.88,4690.62,6,1,0
CUS_PROD_0058,35,Kampala,5,239195.81,783374.68,90333.61,5,1,0
CUS_PROD_0059,73,Gulu,19,27805.64,440946.61,6667.86,23,0,1
CUS_PROD_0060,55,Gulu,53,544202.45,11254.38,430641.07,6,0,0
CUS_PROD_0061,70,Nairobi,45,353320.35,550195.64,42123.29,42,1,0
CUS_PROD_0062,74,Gulu,51,515264.12,86592.51,69768.67,30,0,0
CUS_PROD_0063,25,Kampala,31,188132.32,68118.03,314452.08,18,1,1
CUS_PROD_0064,56,Mbarara,34,13157.43,51137.68,539889.74,12,0,0
CUS_PROD_0065,58,Gulu,14,291293.97,247457.6,142046.22,25,0,0
CUS_PROD_0066,63,Entebbe,10,694836.06,104582.77,167567.37,44,0,0
CUS_PROD_0067,42,Kampala,45,228458.92,166033.77,395232.19,22,0,1
CUS_PROD_0068,33,Entebbe,41,594063.12,82133.91,33065.12,41,0,0
CUS_PROD_0069,68,Kampala,27,1454.88,40723.77,394497.0,16,0,1
CUS_PROD_0070,26,Kampala,5,134309.01,177846.47,270781.45,22,1,0
CUS_PROD_0071,72,Mbarara,44,323239.48,313774.87,172585.51,26,1,1
CUS_PROD_0072,33,Gulu,5,75019.26,127645.92,384977.83,6,0,0
CUS_PROD_0073,43,Gulu,48,76331.9,15140.54,40446.86,32,0,0
CUS_PROD_0074,57,Nairobi,55,266667.48,28541.24,34387.73,25,0,1
CUS_PROD_0075,39,Gulu,31,211532.15,266.86,62616.68,26,0,1
CUS_PROD_0076,36,Kampala,16,43603.2,19641.59,194669.37,37,0,1
CUS_PROD_0077,27,Kampala,29,77542.37,112826.75,61521.82,38,1,0
CUS_PROD_0078,50,Gulu,53,56329.65,107310.55,494413.48,44,1,0
CUS_PROD_0079,52,Jinja,11,90282.27,121695.2,51274.96,25,0,1
CUS_PROD_0080,54,Jinja,41,166587.99,88655.9,216188.02,15,1,0
CUS_PROD_0081,50,Kampala,3,78840.7,203542.56,342134.8,30,0,0
CUS_PROD_0082,52,Kampala,17,441351.75,147244.6,6838.26,19,1,0
CUS_PROD_0083,34,Nairobi,3,37254.51,110048.27,193268.59,33,0,1
CUS_PROD_0084,67,Entebbe,23,41746.53,43815.59,1191.92,44,1,1
CUS_PROD_0085,33,Mbarara,8,838447.23,324516.67,227539.2,30,2,1
CUS_PROD_0086,40,Gulu,35,101456.03,255571.51,47665.27,38,0,1
CUS_PROD_0087,40,Gulu,49,79830.54,63323.89,193653.1,12,0,1
CUS_PROD_0088,22,Gulu,33,320504.88,169997.57,110449.86,34,0,1
CUS_PROD_0089,46,Kampala,43,482620.28,138584.46,498970.39,22,0,1
CUS_PROD_0090,46,Mbarara,39,196054.94,837003.31,81678.64,29,1,0
CUS_PROD_0091,41,Kampala,22,367380.48,199167.22,570041.49,41,0,0
CUS_PROD_0092,69,Kampala,34,168557.13,332561.63,411044.84,32,3,1
CUS_PROD_0093,56,Gulu,37,961113.76,50564.01,40290.35,8,1,0
CUS_PROD_0094,29,Kampala,57,376196.68,274390.35,94459.33,28,0,0
CUS_PROD_0095,21,Entebbe,55,108955.73,9307.4,123482.3,10,2,0
CUS_PROD_0096,48,Gulu,19,11274.07,487456.5,25234.52,8,0,0
CUS_PROD_0097,22,Gulu,19,81180.91,263860.76,152098.81,6,2,0
CUS_PROD_0098,45,Nairobi,17,62160.53,408040.15,228510.25,14,0,0
CUS_PROD_0099,64,Gulu,3,340761.02,68403.24,290861.32,13,0,0
CUS_PROD_0100,18,Kampala,49,262367.23,42623.86,112020.92,12,1,0
CUS_PROD_0101,54,Gulu,43,269702.18,343809.42,237090.78,26,1,0
CUS_PROD_0102,30,Gulu,17,22320.21,68548.43,11514.61,27,1,1
CUS_PROD_0103,39,Gulu,17,366320.16,14591.67,82130.61,15,0,0
CUS_PROD_0104,59,Mbarara,12,457738.55,131458.24,155395.13,13,1,0
CUS_PROD_0105,68,Kampala,35,63896.7,5890.14,262062.65,33,0,0
CUS_PROD_0106,18,Kampala,38,107508.67,366790.84,78715.72,31,2,0
CUS_PROD_0107,18,Kampala,55,874595.44,189184.64,405891.59,44,0,0
CUS_PROD_0108,31,Nairobi,30,1126718.45,107376.99,244182.53,32,0,0
CUS_PROD_0109,19,Entebbe,52,775.55,54931.7,196231.24,13,0,0
CUS_PROD_0110,72,Gulu,35,549644.53,75749.99,71838.58,36,1,0
CUS_PROD_0111,73,Kampala,24,66301.94,108481.05,385298.23,33,0,0
CUS_PROD_0112,57,Gulu,34,48687.78,229222.57,166272.26,10,0,0
CUS_PROD_0113,43,Kampala,35,97614.34,17723.83,190955.06,39,0,0
CUS_PROD_0114,30,Gulu,14,776834.47,67419.29,25459.47,37,0,1
CUS_PROD_0115,57,Nairobi,49,108213.59,43599.56,5845.19,36,0,0
CUS_PROD_0116,28,Kampala,17,295203.57,156831.07,203640.54,12,0,1
CUS_PROD_0117,46,Gulu,51,28005.32,209818.6,4225.27,13,0,0
CUS_PROD_0118,32,Gulu,54,89465.0,112312.85,115130.14,43,0,0
CUS_PROD_0119,53,Gulu,2,156260.74,238677.96,255008.79,24,1,0
CUS_PROD_0120,39,Nairobi,35,577480.91,580308.25,481987.44,42,0,1
CUS_PROD_0121,68,Kampala,2,11349.58,15681.77,41256.36,34,1,1
CUS_PROD_0122,66,Mbarara,29,239213.52,577546.18,276281.46,33,0,1
CUS_PROD_0123,29,Mbarara,59,349182.93,33604.72,31256.84,14,0,0
CUS_PROD_0124,48,Nairobi,13,675538.49,230201.35,137846.55,21,1,1
CUS_PROD_0125,58,Kampala,56,95211.18,213007.74,576142.77,26,0,0
CUS_PROD_0126,53,Gulu,51,396876.99,395183.39,2595.2,30,1,1
CUS_PROD_0127,21,Mbarara,29,121975.36,308457.6,54917.25,9,0,0
CUS_PROD_0128,31,Kampala,54,209283.24,262720.16,334162.87,16,0,0
CUS_PROD_0129,42,Jinja,37,128335.03,230783.51,90939.53,28,0,0
CUS_PROD_0130,25,Entebbe,24,71628.8,262086.5,159263.77,9,1,1
CUS_PROD_0131,42,Entebbe,16,7524.21,909722.12,96797.4,11,0,0
CUS_PROD_0132,24,Entebbe,4,55561.84,41708.93,182909.69,30,1,0
CUS_PROD_0133,71,Jinja,10,155061.89,461166.16,177067.37,19,0,0
CUS_PROD_0134,29,Jinja,23,406263.67,145360.95,53889.48,42,1,0
CUS_PROD_0135,50,Gulu,46,347329.41,456652.1,253272.07,44,0,0
CUS_PROD_0136,33,Gulu,17,25158.28,94772.0,178608.39,28,0,0
CUS_PROD_0137,39,Entebbe,6,8210.22,103186.1,172999.81,28,0,1
CUS_PROD_0138,47,Kampala,44,82492.36,346895.82,233536.66,11,0,0
CUS_PROD_0139,32,Gulu,32,511519.07,179436.67,11414.5,5,2,0
CUS_PROD_0140,26,Nairobi,52,28158.44,140807.75,26302.79,37,3,1
CUS_PROD_0141,55,Dar es Salaam,42,166761.74,267104.03,104562.21,30,0,0
CUS_PROD_0142,58,Kampala,38,24886.09,126425.71,204660.69,9,1,0
CUS_PROD_0143,29,Dar es Salaam,37,6343.45,238362.41,81165.23,24,1,1
CUS_PROD_0144,27,Kampala,41,304307.27,1766.47,379838.73,11,1,0
CUS_PROD_0145,61,Gulu,55,188775.31,471388.34,408414.59,14,0,0
CUS_PROD_0146,29,Gulu,11,104672.62,211753.91,185684.4,40,0,1
CUS_PROD_0147,46,Gulu,16,618447.66,268150.79,892.8,28,0,1
CUS_PROD_0148,31,Entebbe,26,409739.79,93506.23,149422.14,16,1,0
CUS_PROD_0149,36,Gulu,56,173396.54,251772.07,63349.08,5,1,0
CUS_PROD_0150,25,Gulu,10,242152.25,435921.6,61476.22,18,1,0
CUS_PROD_0151,47,Jinja,27,1549.64,97779.47,246817.76,41,0,0
CUS_PROD_0152,61,Gulu,39,81448.54,1007664.26,88547.62,10,1,0
CUS_PROD_0153,59,Kampala,4,389956.0,2756.13,40747.32,28,0,0
CUS_PROD_0154,35,Kampala,21,393790.58,108021.81,14134.45,28,0,0
CUS_PROD_0155,69,Mbarara,52,195257.47,311368.54,175735.27,21,0,0
CUS_PROD_0156,61,Gulu,1,79132.85,4582.92,287442.63,29,0,1
CUS_PROD_0157,56,Gulu,26,175698.09,169804.17,122157.4,16,0,0
CUS_PROD_0158,54,Gulu,16,501548.96,106817.36,69254.5,28,1,0
CUS_PROD_0159,24,Nairobi,38,498879.45,448943.37,56830.3,20,0,0
CUS_PROD_0160,26,Kampala,43,164025.76,286871.32,138665.88,8,1,0
CUS_PROD_0161,69,Kampala,50,227087.96,223021.36,133380.07,41,0,1
CUS_PROD_0162,42,Gulu,12,102366.07,22099.82,53699.76,23,0,0
CUS_PROD_0163,71,Entebbe,14,257502.62,137690.97,52495.79,41,1,1
CUS_PROD_0164,63,Entebbe,9,81511.49,204261.82,193353.59,7,3,0
CUS_PROD_0165,28,Gulu,25,328803.88,135387.76,129958.17,17,0,0
CUS_PROD_0166,72,Entebbe,8,147244.16,101118.22,128067.72,33,0,1
CUS_PROD_0167,60,Gulu,39,325523.67,541.76,97116.16,22,1,0
CUS_PROD_0168,69,Gulu,47,206426.71,245453.37,251101.96,41,0,1
CUS_PROD_0169,40,Entebbe,38,146857.84,209593.04,136861.18,44,1,1
CUS_PROD_0170,51,Kampala,1,78705.54,79654.34,55773.72,30,3,1
CUS_PROD_0171,31,Kampala,13,443071.46,360962.01,131880.89,25,1,0
CUS_PROD_0172,57,Nairobi,36,127544.8,317728.1,153871.18,36,0,0
CUS_PROD_0173,54,Jinja,55,3647.62,25636.44,93782.08,8,1,0
CUS_PROD_0174,24,Kampala,43,721921.79,240389.67,97827.39,29,0,1
CUS_PROD_0175,57,Jinja,25,101812.37,141712.27,379326.36,37,2,0
CUS_PROD_0176,55,Gulu,1,50717.62,19534.53,277665.87,41,0,1
CUS_PROD_0177,42,Entebbe,54,202483.02,137853.96,52479.22,12,0,0
CUS_PROD_0178,45,Gulu,3,50944.41,153638.6,172642.54,41,0,0
CUS_PROD_0179,39,Jinja,30,266064.87,386399.04,33532.6,9,1,0
CUS_PROD_0180,25,Gulu,47,133322.27,563130.5,44031.1,37,1,0
CUS_PROD_0181,46,Gulu,26,1370459.0,286524.54,421420.45,39,0,0
CUS_PROD_0182,26,Kampala,57,39385.92,343056.75,212669.3,26,2,0
CUS_PROD_0183,33,Nairobi,38,30027.08,41660.48,672767.39,19,1,0
CUS_PROD_0184,31,Gulu,27,61784.37,227198.23,54831.35,27,1,0
CUS_PROD_0185,20,Nairobi,32,90974.61,12838.41,277077.27,24,1,0
CUS_PROD_0186,43,Nairobi,20,202970.69,866231.49,99941.06,37,0,1
CUS_PROD_0187,40,Gulu,40,520904.67,409380.29,73546.24,41,1,1
CUS_PROD_0188,22,Entebbe,57,110627.75,296790.21,5664.41,22,1,1
CUS_PROD_0189,31,Gulu,20,143794.46,144713.21,77194.69,10,0,0
CUS_PROD_0190,53,Gulu,2,427030.82,98716.53,177947.83,22,1,1
CUS_PROD_0191,64,Gulu,26,161286.81,70515.85,169653.93,20,2,0
CUS_PROD_0192,72,Dar es Salaam,59,139028.14,481285.91,43872.93,10,0,0
CUS_PROD_0193,30,Dar es Salaam,4,46652.69,181758.43,184394.28,27,2,0
CUS_PROD_0194,21,Mbarara,43,139506.16,89245.28,23841.73,42,0,1
CUS_PROD_0195,34,Kampala,31,377431.77,330172.69,167043.92,21,0,1
CUS_PROD_0196,70,Gulu,20,4392.77,53689.13,114858.27,29,1,1
CUS_PROD_0197,22,Kampala,53,264607.04,524434.36,108308.08,30,2,0
CUS_PROD_0198,62,Kampala,26,253391.04,2256.39,569.63,39,0,0
CUS_PROD_0199,56,Nairobi,14,103751.65,36462.16,40184.19,23,0,1
CUS_PROD_0200,54,Nairobi,39,3307.74,90655.82,133628.36,6,0,1
CUS_PROD_0201,59,Dar es Salaam,25,304314.1,197933.68,45457.48,33,1,0
CUS_PROD_0202,54,Kampala,20,154144.07,397643.13,239128.37,5,0,0
CUS_PROD_0203,61,Gulu,5,49056.71,633837.64,114292.27,24,0,1
CUS_PROD_0204,63,Nairobi,33,61632.37,798552.09,77324.89,29,0,0
CUS_PROD_0205,73,Entebbe,52,622080.4,325851.59,184314.18,36,0,0
CUS_PROD_0206,73,Gulu,55,116123.12,627675.92,53073.83,33,0,0
CUS_PROD_0207,60,Kampala,42,878898.66,133833.99,206131.02,26,0,1
CUS_PROD_0208,27,Gulu,3,65203.7,976154.34,33623.97,32,0,0
CUS_PROD_0209,42,Gulu,52,293998.8,222141.94,261944.59,24,1,0
CUS_PROD_0210,58,Gulu,36,165933.07,48585.99,57392.63,34,1,1
CUS_PROD_0211,70,Nairobi,31,49970.93,145177.4,478309.25,34,1,1
CUS_PROD_0212,31,Kampala,6,49435.14,155113.56,71842.24,27,1,1
CUS_PROD_0213,47,Gulu,31,33558.06,465760.42,90572.52,37,0,1
CUS_PROD_0214,41,Entebbe,36,322675.24,88298.93,116289.17,38,1,0
CUS_PROD_0215,39,Nairobi,3,491695.17,346847.98,221281.01,44,0,1
CUS_PROD_0216,53,Nairobi,25,151816.29,36642.54,37334.9,13,1,0
CUS_PROD_0217,65,Gulu,56,160690.52,245334.18,18127.1,6,0,0
CUS_PROD_0218,55,Entebbe,41,136990.38,281284.04,8694.24,12,0,0
CUS_PROD_0219,38,Jinja,23,359012.0,226354.78,18866.81,17,1,0
CUS_PROD_0220,47,Kampala,32,158205.7,81929.18,129033.08,12,2,0
CUS_PROD_0221,42,Gulu,46,482085.3,57871.77,329068.58,25,0,0
CUS_PROD_0222,26,Gulu,9,686513.27,429329.65,73055.82,6,0,0
CUS_PROD_0223,31,Gulu,32,47430.02,650479.08,138244.86,32,0,1
CUS_PROD_0224,58,Gulu,7,61611.54,430248.72,106356.02,33,0,1
CUS_PROD_0225,52,Jinja,34,618354.88,203495.32,111874.03,9,0,0
CUS_PROD_0226,64,Dar es Salaam,38,28540.92,355606.21,68513.44,39,2,1
CUS_PROD_0227,44,Kampala,22,279824.37,18302.91,32318.69,26,1,1
CUS_PROD_0228,52,Kampala,45,313021.07,152186.67,120680.04,32,0,1
CUS_PROD_0229,66,Gulu,11,47405.51,262756.66,36378.22,22,0,0
CUS_PROD_0230,32,Nairobi,15,104375.56,15251.54,20822.24,15,0,0
CUS_PROD_0231,43,Gulu,5,3724.29,12722.57,33139.12,13,0,0
CUS_PROD_0232,42,Kampala,11,290654.43,393995.94,61416.42,18,1,0
CUS_PROD_0233,53,Mbarara,4,36956.49,36579.72,36076.15,41,2,0
CUS_PROD_0234,45,Gulu,23,508392.67,123623.52,41888.67,10,1,0
CUS_PROD_0235,51,Entebbe,47,205247.0,82222.47,372042.35,17,1,0
CUS_PROD_0236,28,Gulu,55,234270.83,178755.36,322688.74,27,0,1
CUS_PROD_0237,38,Kampala,7,490249.36,265692.13,66207.12,6,0,0
CUS_PROD_0238,61,Kampala,30,4902.35,1239431.17,13413.73,27,0,1
CUS_PROD_0239,41,Jinja,26,375515.12,215560.57,131453.12,21,0,1
CUS_PROD_0240,64,Mbarara,23,11090.25,56044.01,136258.67,24,1,0
CUS_PROD_0241,65,Kampala,17,3730.23,202200.06,30962.52,15,1,0
CUS_PROD_0242,30,Gulu,41,62197.29,145238.79,30094.2,7,0,0
CUS_PROD_0243,59,Kampala,1,83780.2,35695.11,253430.01,35,1,0
CUS_PROD_0244,59,Entebbe,23,297593.64,385223.65,154740.16,13,1,0
CUS_PROD_0245,38,Gulu,17,157014.74,29327.61,286211.29,19,0,1
CUS_PROD_0246,19,Gulu,34,76038.6,100719.87,114185.02,24,1,1
CUS_PROD_0247,70,Entebbe,53,806963.02,123781.94,89054.21,26,0,0
CUS_PROD_0248,64,Entebbe,55,144257.35,164714.8,540248.73,40,1,1
CUS_PROD_0249,49,Nairobi,19,376900.47,178268.91,36641.53,16,1,0
CUS_PROD_0250,51,Entebbe,27,11889.13,41523.04,132977.02,28,0,1
CUS_PROD_0251,64,Kampala,49,74649.13,154482.0,40808.64,42,0,0
CUS_PROD_0252,40,Gulu,16,163497.2,161222.14,128437.82,9,1,0
CUS_PROD_0253,62,Entebbe,46,357676.68,51296.35,148291.9,36,1,0
CUS_PROD_0254,54,Kampala,31,2648.97,251674.48,20103.58,9,0,0
CUS_PROD_0255,44,Kampala,7,112336.28,103275.8,172791.48,34,1,0
CUS_PROD_0256,28,Gulu,21,194695.86,47932.84,234799.78,44,1,1
CUS_PROD_0257,66,Kampala,26,74991.61,199951.6,370968.4,19,2,0
CUS_PROD_0258,72,Gulu,4,678584.39,69987.87,186083.45,20,0,0
CUS_PROD_0259,57,Kampala,42,215652.65,184979.32,13458.7,14,1,0
CUS_PROD_0260,37,Gulu,44,344328.06,388613.73,65822.23,18,0,0
CUS_PROD_0261,57,Jinja,12,356885.88,263443.54,114786.51,5,0,0
CUS_PROD_0262,34,Gulu,36,126414.8,57523.0,135418.16,33,2,0
CUS_PROD_0263,42,Kampala,21,319220.64,204432.99,3091.25,10,0,0
CUS_PROD_0264,68,Nairobi,36,887518.16,311052.19,155184.85,31,1,0
CUS_PROD_0265,38,Kampala,12,161535.23,110306.97,395212.61,40,1,0
CUS_PROD_0266,22,Entebbe,28,173660.3,15931.23,92885.06,16,3,1
CUS_PROD_0267,25,Nairobi,29,231399.39,193026.02,503791.34,41,0,1
CUS_PROD_0268,64,Entebbe,37,33404.49,123754.46,219500.15,16,0,0
CUS_PROD_0269,29,Gulu,25,743712.12,219554.81,468812.64,14,0,0
CUS_PROD_0270,30,Kampala,49,37130.45,154368.27,153810.89,11,1,0
CUS_PROD_0271,66,Gulu,38,296976.19,41934.32,192841.0,7,2,0
CUS_PROD_0272,70,Kampala,33,472657.46,471779.24,116562.42,31,0,1
CUS_PROD_0273,71,Nairobi,18,94253.59,22488.89,388693.57,11,0,0
CUS_PROD_0274,66,Kampala,36,188228.96,379453.91,66043.23,25,1,1
CUS_PROD_0275,18,Entebbe,33,232298.56,178426.14,303972.81,12,0,0
CUS_PROD_0276,21,Nairobi,27,333777.51,132757.31,176733.84,34,0,1
CUS_PROD_0277,62,Entebbe,52,347985.89,351747.4,110850.37,14,1,0
CUS_PROD_0278,28,Entebbe,2,272276.09,487773.0,21128.53,23,0,0
CUS_PROD_0279,59,Dar es Salaam,55,423805.09,444473.15,95775.11,24,1,0
CUS_PROD_0280,50,Entebbe,26,71354.71,330589.78,8339.79,28,0,0
CUS_PROD_0281,60,Kampala,27,567155.58,541394.2,40475.35,36,0,1
CUS_PROD_0282,57,Jinja,16,20749.95,279616.57,107813.67,41,1,0
CUS_PROD_0283,68,Jinja,11,27072.54,259866.24,17278.24,11,0,0
CUS_PROD_0284,21,Gulu,49,26941.3,446217.35,415532.19,16,0,0
CUS_PROD_0285,59,Jinja,4,40564.76,247335.71,24816.78,33,1,1
CUS_PROD_0286,54,Nairobi,31,388386.91,284833.39,158060.49,12,0,0
CUS_PROD_0287,63,Kampala,2,158473.66,63159.17,6155.07,27,0,0
CUS_PROD_0288,33,Gulu,44,224138.65,26620.17,113713.9,9,2,0
CUS_PROD_0289,33,Gulu,25,1066431.07,123536.57,81276.43,22,1,0
CUS_PROD_0290,69,Nairobi,4,460148.68,248942.41,457735.37,24,0,0
CUS_PROD_0291,61,Nairobi,34,383733.7,37109.6,73382.59,16,1,1
CUS_PROD_0292,38,Kampala,11,661167.6,30032.3,35414.89,5,0,0
CUS_PROD_0293,40,Entebbe,24,276530.57,291383.57,4380.06,21,2,1
CUS_PROD_0294,50,Gulu,43,199988.79,338376.35,292032.45,7,0,1
CUS_PROD_0295,70,Dar es Salaam,35,26081.28,233427.9,229775.06,23,0,0
CUS_PROD_0296,23,Kampala,8,57069.67,27648.27,358583.08,44,1,1
CUS_PROD_0297,63,Kampala,25,89245.61,135005.01,2308.22,9,0,0
CUS_PROD_0298,52,Dar es Salaam,41,49746.1,215705.84,9689.42,44,0,1
CUS_PROD_0299,74,Jinja,29,444299.18,24887.74,75778.53,12,1,0
CUS_PROD_0300,31,Jinja,21,191241.98,24109.32,99428.42,27,2,0
CUS_PROD_0301,50,Kampala,14,17995.19,210101.71,226249.02,33,1,1
CUS_PROD_0302,22,Kampala,35,126762.59,405102.97,505373.2,15,0,0
CUS_PROD_0303,68,Nairobi,33,981539.22,133281.48,431009.17,36,0,0
CUS_PROD_0304,60,Entebbe,31,162895.28,166938.96,339897.53,33,1,0
CUS_PROD_0305,40,Kampala,49,150842.13,302656.82,240499.89,27,0,0
CUS_PROD_0306,24,Nairobi,32,640681.86,170839.39,17461.47,17,0,1
CUS_PROD_0307,25,Gulu,30,657677.88,777931.24,41177.77,31,1,0
CUS_PROD_0308,37,Gulu,9,348580.26,467336.66,304023.74,35,0,0
CUS_PROD_0309,57,Entebbe,56,1070207.54,161357.64,7920.1,32,1,0
CUS_PROD_0310,49,Entebbe,34,28862.75,10363.7,15879.86,34,0,0
CUS_PROD_0311,31,Entebbe,26,191135.95,122190.85,203547.71,11,0,0
CUS_PROD_0312,19,Jinja,28,392853.81,36910.13,56089.3,13,0,0
CUS_PROD_0313,51,Nairobi,57,222559.77,118411.44,27111.23,8,2,0
CUS_PROD_0314,53,Gulu,5,12034.59,115410.32,291526.72,41,3,1
CUS_PROD_0315,20,Kampala,53,732221.11,86769.32,129467.16,14,0,1
CUS_PROD_0316,55,Gulu,23,148674.68,2966.04,313084.63,39,0,0
CUS_PROD_0317,57,Jinja,8,458119.43,2281.65,102391.08,21,0,0
CUS_PROD_0318,42,Nairobi,57,64269.14,267524.78,123238.32,33,0,0
CUS_PROD_0319,71,Gulu,42,33887.25,72446.7,38673.65,17,0,0
CUS_PROD_0320,22,Nairobi,50,40376.8,45033.12,122729.21,13,1,0
CUS_PROD_0321,28,Kampala,19,640413.16,58283.44,124086.0,15,1,0
CUS_PROD_0322,73,Gulu,28,52136.07,104670.08,37210.98,27,0,0
CUS_PROD_0323,26,Mbarara,5,7423.1,44388.73,307972.46,8,0,0
CUS_PROD_0324,48,Gulu,46,180732.46,252347.89,204077.99,20,1,0
CUS_PROD_0325,54,Gulu,6,468603.64,159171.91,200784.04,43,2,0
CUS_PROD_0326,25,Nairobi,52,10710.95,140016.49,34737.85,31,2,1
CUS_PROD_0327,28,Kampala,25,152630.58,7229.55,308109.76,30,1,1
CUS_PROD_0328,60,Gulu,37,298491.51,364770.33,148114.92,5,0,0
CUS_PROD_0329,30,Gulu,13,36053.48,260466.37,110504.81,15,0,0
CUS_PROD_0330,60,Gulu,6,661862.45,91434.3,16667.93,31,1,0
CUS_PROD_0331,66,Gulu,5,199970.88,268540.39,90851.38,12,1,0
CUS_PROD_0332,53,Nairobi,22,306666.59,116475.47,358925.65,33,0,0
CUS_PROD_0333,35,Kampala,6,202286.86,1422.99,49653.25,30,0,0
CUS_PROD_0334,30,Gulu,7,97469.2,311170.32,294276.8,26,0,0
CUS_PROD_0335,28,Entebbe,4,89547.34,167203.35,47381.94,17,0,0
CUS_PROD_0336,57,Entebbe,26,44262.41,346292.42,203214.68,24,1,1
CUS_PROD_0337,38,Gulu,38,97539.66,109808.04,95642.04,9,0,0
CUS_PROD_0338,70,Kampala,22,12664.61,88920.97,132851.91,27,3,1
CUS_PROD_0339,29,Kampala,16,183851.47,496166.52,27823.95,36,0,1
CUS_PROD_0340,60,Gulu,59,30619.77,23769.64,151956.8,26,0,0
CUS_PROD_0341,44,Kampala,33,77867.83,151824.21,295963.23,17,1,0
CUS_PROD_0342,56,Gulu,46,186770.34,254509.95,94708.75,35,0,1
CUS_PROD_0343,28,Dar es Salaam,31,107878.8,402140.93,73616.97,7,0,0
CUS_PROD_0344,36,Jinja,43,87038.47,83877.45,232614.34,21,0,1
CUS_PROD_0345,29,Gulu,33,242394.83,197407.79,137747.47,8,0,0
CUS_PROD_0346,56,Nairobi,39,8426.89,207599.84,88007.06,42,0,0
CUS_PROD_0347,56,Kampala,43,140407.96,40168.33,31193.17,19,0,0
CUS_PROD_0348,35,Entebbe,50,49313.6,64662.63,7053.99,37,1,1
CUS_PROD_0349,52,Gulu,6,183869.07,223041.03,50194.34,11,0,0
CUS_PROD_0350,69,Kampala,45,24027.54,79602.01,78221.9,27,0,0
CUS_PROD_0351,56,Kampala,19,199650.89,163449.01,124981.09,14,1,0
CUS_PROD_0352,50,Gulu,43,39288.89,576534.89,66574.5,41,0,1
CUS_PROD_0353,43,Gulu,19,265622.17,142401.5,130213.02,36,1,1
CUS_PROD_0354,24,Gulu,51,198826.34,179216.03,310397.57,8,1,0
CUS_PROD_0355,37,Entebbe,4,347797.56,9086.72,154306.46,37,0,1
CUS_PROD_0356,62,Kampala,48,88468.33,157938.32,73700.41,25,1,0
CUS_PROD_0357,72,Kampala,32,64498.55,193349.8,51858.1,8,0,0
CUS_PROD_0358,73,Dar es Salaam,54,11402.82,805.38,56340.24,33,1,0
CUS_PROD_0359,48,Kampala,39,538390.15,26106.31,150189.84,39,0,0
CUS_PROD_0360,32,Entebbe,27,125694.26,17665.0,671281.34,44,0,0
CUS_PROD_0361,47,Gulu,19,376084.88,122270.92,200140.67,12,0,0
CUS_PROD_0362,66,Nairobi,21,2395423.8,66933.86,51152.41,12,0,0
CUS_PROD_0363,33,Gulu,42,100887.44,257797.39,24833.29,31,0,0
CUS_PROD_0364,55,Kampala,52,100200.47,158815.49,204966.1,17,0,0
CUS_PROD_0365,31,Gulu,53,299230.91,810212.35,115978.09,26,0,0
CUS_PROD_0366,27,Jinja,28,119569.53,54811.26,211309.2,39,0,1
CUS_PROD_0367,64,Entebbe,52,475870.92,21534.72,86653.99,11,0,0
CUS_PROD_0368,26,Nairobi,42,305014.26,88761.01,261927.9,36,0,1
CUS_PROD_0369,67,Gulu,37,194278.95,136161.94,17782.73,41,0,1
CUS_PROD_0370,46,Kampala,20,364417.09,18328.9,23159.25,40,2,0
CUS_PROD_0371,59,Jinja,43,123260.74,32723.84,70476.76,21,0,1
CUS_PROD_0372,41,Dar es Salaam,10,16255.21,8769.22,142826.0,43,0,0
CUS_PROD_0373,34,Kampala,43,87740.75,300025.15,48449.69,12,0,0
CUS_PROD_0374,24,Gulu,29,246704.6,36643.65,313950.19,27,3,1
CUS_PROD_0375,37,Mbarara,24,184370.87,48258.08,175263.17,30,0,0
CUS_PROD_0376,36,Gulu,17,38857.35,18733.42,64963.74,13,0,0
CUS_PROD_0377,45,Jinja,21,23621.48,169187.73,85441.93,28,2,0
CUS_PROD_0378,44,Kampala,36,319509.12,113169.1,144721.07,6,0,0
CUS_PROD_0379,71,Entebbe,56,250892.03,24442.49,108575.6,36,1,0
CUS_PROD_0380,19,Jinja,39,216030.39,288369.56,273760.81,12,0,0
CUS_PROD_0381,20,Gulu,47,170634.88,238221.35,170546.29,39,2,1
CUS_PROD_0382,26,Entebbe,13,37636.27,33944.96,18181.5,32,1,1
CUS_PROD_0383,66,Jinja,51,146887.18,173877.62,363445.94,21,1,1
CUS_PROD_0384,41,Entebbe,49,433277.72,7176.01,88283.14,16,0,0
CUS_PROD_0385,74,Kampala,10,192596.13,419832.64,62067.88,19,0,0
CUS_PROD_0386,21,Gulu,57,48426.45,758695.92,16732.4,9,0,0
CUS_PROD_0387,31,Nairobi,31,21374.59,76056.23,84149.46,41,0,1
CUS_PROD_0388,26,Entebbe,25,48086.74,32751.73,96104.61,11,0,0
CUS_PROD_0389,66,Jinja,37,349529.32,140821.64,149955.94,39,0,1
CUS_PROD_0390,59,Mbarara,20,86839.19,233438.86,36966.89,7,0,0
CUS_PROD_0391,38,Jinja,23,466137.57,844558.73,142717.82,17,0,0
CUS_PROD_0392,25,Nairobi,21,22957.12,138545.03,891.5,12,3,0
CUS_PROD_0393,65,Kampala,27,320256.71,66947.31,1126.73,27,0,0
CUS_PROD_0394,47,Kampala,59,665832.0,27574.11,209276.25,12,0,0
CUS_PROD_0395,31,Kampala,15,158648.39,327260.92,237500.66,28,0,1
CUS_PROD_0396,39,Mbarara,42,55030.69,573633.9,170650.05,13,1,0
CUS_PROD_0397,65,Gulu,26,78558.35,302997.14,109681.58,24,1,1
CUS_PROD_0398,31,Kampala,55,199379.35,156251.64,121478.49,13,0,1
CUS_PROD_0399,42,Kampala,11,87664.56,258928.79,12218.21,24,1,0
CUS_PROD_0400,70,Kampala,59,64086.45,52292.97,38105.23,10,0,0
CUS_PROD_0401,55,Entebbe,55,326463.3,246633.57,347726.2,44,0,0
CUS_PROD_0402,27,Dar es Salaam,33,19505.48,14432.56,280040.6,10,0,1
CUS_PROD_0403,26,Gulu,2,36877.46,600182.96,210051.9,8,0,0
CUS_PROD_0404,31,Nairobi,36,684927.92,18074.42,13305.43,39,0,0
CUS_PROD_0405,61,Kampala,54,255102.13,228607.35,19543.55,17,0,0
CUS_PROD_0406,63,Kampala,47,75052.97,79566.01,317351.71,29,2,0
CUS_PROD_0407,60,Nairobi,35,568710.7,80575.15,377472.56,18,0,0
CUS_PROD_0408,58,Gulu,29,45074.53,475780.54,251372.74,23,2,1
CUS_PROD_0409,41,Entebbe,40,497024.48,412536.31,91591.12,24,1,1
CUS_PROD_0410,18,Kampala,49,10574.48,51592.19,35306.03,44,0,0
CUS_PROD_0411,49,Dar es Salaam,52,317192.86,70058.35,272710.63,36,1,0
CUS_PROD_0412,64,Kampala,56,87592.6,47207.68,26105.39,34,0,0
CUS_PROD_0413,21,Entebbe,19,5307.56,534671.8,95155.75,23,1,1
CUS_PROD_0414,30,Jinja,48,94362.67,307316.31,297235.02,41,0,1
CUS_PROD_0415,64,Mbarara,8,56165.68,91817.18,136528.78,26,1,0
CUS_PROD_0416,54,Entebbe,31,359572.71,27225.18,249047.61,10,0,0
CUS_PROD_0417,31,Jinja,29,563287.72,65233.76,413269.06,17,0,0
CUS_PROD_0418,27,Kampala,59,13541.26,26102.62,40357.97,35,0,1
CUS_PROD_0419,74,Gulu,21,101219.71,112567.19,32212.05,22,1,1
CUS_PROD_0420,69,Nairobi,56,489866.61,602211.46,3968.13,13,0,0
CUS_PROD_0421,42,Gulu,12,326759.85,134013.13,135082.89,20,0,0
CUS_PROD_0422,60,Gulu,56,651037.27,202427.98,13673.37,32,0,1
CUS_PROD_0423,67,Entebbe,19,89747.19,177948.18,62231.13,36,1,0
CUS_PROD_0424,45,Gulu,20,22245.43,192973.6,23186.61,30,1,0
CUS_PROD_0425,65,Gulu,51,50578.26,45924.06,141473.73,21,2,0
CUS_PROD_0426,62,Kampala,28,442866.02,70163.22,50153.12,11,0,0
CUS_PROD_0427,43,Gulu,34,674783.32,613731.1,4011.47,22,1,1
CUS_PROD_0428,72,Kampala,19,327881.47,224612.05,60193.93,10,0,0
CUS_PROD_0429,57,Nairobi,3,36144.59,658644.88,268208.61,10,1,0
CUS_PROD_0430,44,Kampala,57,55123.87,780887.47,352189.42,29,0,0
CUS_PROD_0431,45,Gulu,16,447386.33,146640.18,19015.73,31,1,0
CUS_PROD_0432,45,Gulu,44,43536.98,14217.7,52077.47,20,0,1
CUS_PROD_0433,73,Nairobi,19,83.2,260911.48,386976.74,8,0,0
CUS_PROD_0434,65,Entebbe,49,281332.25,677621.31,300037.99,36,0,0
CUS_PROD_0435,61,Gulu,1,425737.48,156061.53,110248.99,44,0,0
CUS_PROD_0436,70,Gulu,30,180817.04,300175.27,84959.93,27,0,1
CUS_PROD_0437,69,Gulu,33,169758.9,86682.49,34183.2,15,1,0
CUS_PROD_0438,34,Entebbe,59,349599.54,117660.47,273814.04,20,0,1
CUS_PROD_0439,74,Jinja,38,241613.26,447238.08,68113.13,42,1,0
CUS_PROD_0440,67,Entebbe,15,561076.53,27376.65,62877.84,26,0,0
CUS_PROD_0441,32,Kampala,1,624372.38,397382.7,17574.91,33,1,0
CUS_PROD_0442,32,Gulu,21,295003.96,110997.53,112541.68,27,0,1
CUS_PROD_0443,68,Kampala,37,831016.81,33717.63,119337.53,37,2,1
CUS_PROD_0444,66,Jinja,41,111624.78,599502.67,250817.33,42,0,1
CUS_PROD_0445,60,Nairobi,9,250861.18,55401.14,304569.47,24,0,0
CUS_PROD_0446,26,Mbarara,35,48145.02,87787.73,208562.39,9,2,0
CUS_PROD_0447,55,Entebbe,39,281399.01,136760.25,286630.32,34,0,1
CUS_PROD_0448,45,Gulu,13,173604.77,27298.92,25023.05,5,0,0
CUS_PROD_0449,49,Nairobi,16,407084.97,770567.62,261689.9,25,1,0
CUS_PROD_0450,60,Jinja,15,11238.34,282400.56,84950.0,19,0,0
CUS_PROD_0451,59,Mbarara,28,187846.29,43052.85,206594.18,38,0,1
CUS_PROD_0452,68,Dar es Salaam,55,319049.84,390451.7,7953.45,19,0,0
CUS_PROD_0453,61,Gulu,24,340049.97,348896.46,76364.94,41,0,0
CUS_PROD_0454,72,Gulu,41,37281.57,185793.02,300968.31,38,0,0
CUS_PROD_0455,67,Nairobi,24,112605.32,450014.54,670286.45,19,0,0
CUS_PROD_0456,64,Mbarara,9,557826.42,178833.03,85594.51,42,1,0
CUS_PROD_0457,65,Gulu,20,39558.13,223119.73,25897.76,44,0,1
CUS_PROD_0458,31,Kampala,29,491743.25,689043.52,78081.65,16,1,0
CUS_PROD_0459,32,Jinja,43,93603.57,169077.79,356883.02,25,0,1
CUS_PROD_0460,55,Gulu,26,259324.33,41961.16,319126.23,25,1,0
CUS_PROD_0461,51,Kampala,55,493344.77,2822.19,541642.44,15,0,0
CUS_PROD_0462,20,Gulu,42,836.27,106410.41,18066.85,8,0,0
CUS_PROD_0463,74,Entebbe,30,111541.48,48149.63,9487.09,25,0,0
CUS_PROD_0464,23,Kampala,15,165267.6,12721.13,299431.02,31,1,1
CUS_PROD_0465,62,Entebbe,21,452003.31,457224.35,61244.97,31,1,0
CUS_PROD_0466,54,Kampala,29,72602.2,39088.4,208228.3,9,1,0
CUS_PROD_0467,65,Kampala,28,146225.15,82750.0,43959.85,39,1,0
CUS_PROD_0468,36,Jinja,11,324421.74,106447.87,95450.04,34,1,0
CUS_PROD_0469,39,Gulu,22,9175.02,127137.51,217703.41,7,1,1
CUS_PROD_0470,35,Gulu,7,422976.1,22855.96,133883.56,27,3,1
CUS_PROD_0471,59,Entebbe,27,150045.14,174609.56,50536.37,23,1,1
CUS_PROD_0472,32,Kampala,10,11959.85,16.0,121296.67,44,2,1
CUS_PROD_0473,46,Kampala,2,140450.48,141899.21,468368.38,18,1,0
CUS_PROD_0474,26,Mbarara,31,256289.56,32925.15,77555.22,30,1,0
CUS_PROD_0475,44,Kampala,1,142120.59,13881.38,357737.06,34,0,0
CUS_PROD_0476,25,Gulu,28,72425.87,70464.05,153622.23,32,0,0
CUS_PROD_0477,47,Gulu,7,4002.39,1009860.03,13761.76,9,0,0
CUS_PROD_0478,74,Nairobi,3,187989.67,125892.81,333197.71,25,0,0
CUS_PROD_0479,60,Jinja,24,403480.1,194033.38,9722.7,19,0,0
CUS_PROD_0480,61,Dar es Salaam,56,250265.36,15663.71,4842.09,17,0,1
CUS_PROD_0481,27,Gulu,21,458474.43,167436.55,34604.19,31,1,0
CUS_PROD_0482,50,Nairobi,29,222709.25,8856.88,564730.18,39,0,0
CUS_PROD_0483,51,Nairobi,33,403236.01,172388.47,61818.79,12,0,0
CUS_PROD_0484,43,Nairobi,40,9807.04,165461.01,128112.98,33,0,0
CUS_PROD_0485,74,Kampala,46,15852.6,174528.07,73925.1,11,0,0
CUS_PROD_0486,65,Gulu,9,330447.66,105128.01,19974.25,14,1,0
CUS_PROD_0487,47,Kampala,20,256145.75,80929.21,426191.46,15,0,1
CUS_PROD_0488,73,Gulu,37,52028.57,9900.17,65777.93,25,1,1
CUS_PROD_0489,35,Gulu,4,384114.85,136607.64,355715.87,30,0,0
CUS_PROD_0490,44,Nairobi,3,200565.53,63089.62,567228.95,35,2,1
CUS_PROD_0491,30,Kampala,27,174623.55,22825.46,130851.52,9,0,0
CUS_PROD_0492,53,Gulu,13,135603.22,159023.48,262422.19,27,1,0
CUS_PROD_0493,57,Kampala,48,441185.37,5372.77,3521.63,21,1,0
CUS_PROD_0494,32,Gulu,58,59299.36,82019.08,171225.59,37,0,0
CUS_PROD_0495,38,Gulu,22,601886.4,607124.45,142655.41,6,0,0
CUS_PROD_0496,28,Kampala,4,454876.35,379501.16,37247.02,41,0,0
CUS_PROD_0497,61,Gulu,27,119908.98,23666.74,18136.45,11,1,0
CUS_PROD_0498,52,Gulu,13,148500.73,172514.75,310830.95,18,1,1
CUS_PROD_0499,34,Kampala,54,87910.8,365198.41,660189.73,43,0,0
CUS_PROD_0500,56,Mbarara,23,131587.72,57667.99,22945.54,26,1,0
CUS_PROD_0501,65,Kampala,24,654400.35,33148.94,75719.91,14,3,0
CUS_PROD_0502,62,Mbarara,51,325387.18,54511.8,27009.88,24,1,0
CUS_PROD_0503,71,Kampala,25,303708.34,101347.9,41922.39,22,0,1
CUS_PROD_0504,61,Gulu,44,1002954.77,86866.32,568782.87,34,0,0
CUS_PROD_0505,27,Kampala,28,159893.18,181645.57,82004.25,25,0,0
CUS_PROD_0506,31,Kampala,10,274171.65,28554.03,141317.19,36,0,1
CUS_PROD_0507,21,Gulu,21,91789.62,431860.2,71411.28,43,1,0
CUS_PROD_0508,54,Kampala,11,92201.58,464743.98,234862.04,11,1,0
CUS_PROD_0509,54,Dar es Salaam,21,112387.72,80379.59,168784.76,11,0,0
CUS_PROD_0510,63,Entebbe,30,15694.3,89277.08,307186.0,22,0,0
CUS_PROD_0511,27,Kampala,23,478493.82,470946.14,103431.15,9,1,0
CUS_PROD_0512,39,Mbarara,34,160314.12,324656.4,89731.66,29,1,0
CUS_PROD_0513,23,Entebbe,42,168944.64,300897.27,18856.27,18,0,1
CUS_PROD_0514,20,Entebbe,30,142182.99,152752.52,453855.76,24,0,1
CUS_PROD_0515,22,Kampala,52,61904.14,292427.62,9897.07,24,2,0
CUS_PROD_0516,42,Entebbe,1,228653.52,403739.3,58628.68,30,0,0
CUS_PROD_0517,42,Nairobi,35,141715.06,514518.94,252736.85,21,0,0
CUS_PROD_0518,44,Kampala,11,245708.42,261655.6,41984.08,8,0,0
CUS_PROD_0519,46,Mbarara,21,265943.05,295334.21,102249.1,34,0,0
CUS_PROD_0520,37,Gulu,31,38706.29,127740.07,49841.4,19,1,0
CUS_PROD_0521,72,Kampala,21,284056.43,147966.74,12261.61,21,0,1
CUS_PROD_0522,37,Gulu,24,183037.53,227183.82,375720.04,28,0,0
CUS_PROD_0523,73,Mbarara,45,246631.6,1155168.03,86660.18,5,0,0
CUS_PROD_0524,46,Jinja,57,192453.6,79045.28,571919.61,29,2,1
CUS_PROD_0525,25,Jinja,59,77967.43,437408.83,229681.89,33,0,1
CUS_PROD_0526,28,Gulu,28,71302.43,62700.47,464443.37,7,0,1
CUS_PROD_0527,60,Gulu,47,6421.68,11180.64,200240.18,40,1,1
CUS_PROD_0528,25,Gulu,39,1304228.13,109913.54,40609.45,32,0,0
CUS_PROD_0529,69,Kampala,3,317397.88,142143.08,27490.72,12,0,0
CUS_PROD_0530,56,Gulu,44,25058.59,18725.98,226076.45,25,0,0
CUS_PROD_0531,19,Jinja,3,59805.64,186014.51,160832.6,15,0,0
CUS_PROD_0532,30,Gulu,8,514555.42,385482.15,20016.5,26,1,0
CUS_PROD_0533,43,Kampala,15,597802.22,613469.91,89410.2,5,1,1
CUS_PROD_0534,51,Gulu,12,37175.27,252653.85,67898.91,42,0,1
CUS_PROD_0535,46,Gulu,15,134223.32,270148.79,438597.94,7,2,0
CUS_PROD_0536,37,Gulu,17,6771.77,22094.25,451977.11,40,1,0
CUS_PROD_0537,46,Mbarara,9,16423.01,380489.33,254574.54,34,1,1
CUS_PROD_0538,71,Nairobi,58,308657.1,65416.39,79963.34,8,2,0
CUS_PROD_0539,44,Gulu,37,213331.2,17560.12,144059.72,9,0,0
CUS_PROD_0540,62,Mbarara,7,202156.73,267514.72,30669.58,25,0,1
CUS_PROD_0541,40,Gulu,35,137973.31,150131.48,331891.02,29,0,0
CUS_PROD_0542,27,Gulu,38,319105.65,255669.52,183750.13,19,0,0
CUS_PROD_0543,67,Dar es Salaam,35,337197.07,46911.07,139158.21,11,1,1
CUS_PROD_0544,42,Kampala,52,192053.85,92423.46,258022.79,24,2,0
CUS_PROD_0545,57,Kampala,5,356166.98,102666.89,325350.42,25,1,1
CUS_PROD_0546,19,Gulu,43,106983.16,47828.37,50215.83,12,0,0
CUS_PROD_0547,46,Entebbe,26,390175.61,678736.84,52307.18,21,1,0
CUS_PROD_0548,28,Kampala,34,3019.1,486363.1,90752.14,40,0,0
CUS_PROD_0549,71,Entebbe,51,167913.78,820322.83,308392.94,18,0,0
CUS_PROD_0550,61,Jinja,29,96255.77,128279.85,47329.93,26,2,0
CUS_PROD_0551,64,Kampala,27,776871.42,409673.55,99431.4,42,0,0
CUS_PROD_0552,18,Kampala,2,337301.1,194329.68,19099.79,40,1,0
CUS_PROD_0553,40,Gulu,33,138529.46,237904.9,111644.38,26,1,0
CUS_PROD_0554,23,Kampala,46,295478.44,80522.15,115530.31,21,0,1
CUS_PROD_0555,34,Gulu,29,1372.0,128444.92,85370.65,9,1,0
CUS_PROD_0556,38,Gulu,12,72905.65,13121.16,254624.87,9,0,0
CUS_PROD_0557,53,Gulu,31,43544.24,183018.47,37518.21,37,1,1
CUS_PROD_0558,24,Gulu,38,1568775.68,69640.89,321092.84,14,0,0
CUS_PROD_0559,57,Nairobi,30,109525.74,27346.27,59963.46,13,0,0
CUS_PROD_0560,37,Dar es Salaam,8,166105.38,158102.69,173991.27,9,3,1
CUS_PROD_0561,65,Entebbe,49,459908.21,311873.94,189662.07,10,2,0
CUS_PROD_0562,38,Kampala,30,379130.81,23903.54,99983.01,20,0,0
CUS_PROD_0563,72,Kampala,15,201187.4,50325.27,220871.49,43,0,0
CUS_PROD_0564,54,Kampala,30,35040.29,147088.79,8054.69,6,1,1
CUS_PROD_0565,46,Jinja,1,491901.05,75623.7,318004.81,16,1,0
CUS_PROD_0566,26,Kampala,3,299473.32,717862.99,130783.67,6,2,0
CUS_PROD_0567,73,Kampala,31,183656.78,76686.77,211640.45,39,0,1
CUS_PROD_0568,46,Kampala,13,326099.0,23462.2,3084.35,39,0,0
CUS_PROD_0569,24,Gulu,31,296788.99,359786.83,344424.77,35,3,0
CUS_PROD_0570,60,Gulu,54,134443.48,206922.04,237080.27,31,1,0
CUS_PROD_0571,57,Kampala,56,458095.12,395347.19,215331.65,36,1,0
CUS_PROD_0572,56,Kampala,1,182032.79,20424.53,78327.32,31,0,1
CUS_PROD_0573,61,Kampala,13,68112.52,197228.27,107799.27,23,0,0
CUS_PROD_0574,46,Gulu,47,443604.32,57347.54,36605.84,6,1,0
CUS_PROD_0575,59,Entebbe,7,1071994.17,45803.83,6064.16,25,0,0
CUS_PROD_0576,63,Gulu,11,468270.6,284713.4,53610.82,28,0,0
CUS_PROD_0577,67,Kampala,39,66156.18,104755.23,159291.23,34,0,0
CUS_PROD_0578,47,Jinja,21,593691.19,65426.58,15110.34,33,0,0
CUS_PROD_0579,19,Kampala,10,39154.73,52891.95,100618.65,21,1,0
CUS_PROD_0580,52,Kampala,41,102958.99,414732.96,374666.46,7,0,0
CUS_PROD_0581,32,Entebbe,22,45517.84,509712.32,109334.96,18,0,0
CUS_PROD_0582,18,Nairobi,17,239943.38,90934.17,640472.92,33,1,0
CUS_PROD_0583,61,Gulu,24,264042.41,315642.96,139908.67,15,0,0
CUS_PROD_0584,39,Jinja,16,114487.59,155482.2,247472.79,17,0,0
CUS_PROD_0585,54,Kampala,50,291813.48,96033.36,223718.03,15,1,0
CUS_PROD_0586,25,Mbarara,5,67838.88,62691.26,95957.78,29,1,0
CUS_PROD_0587,23,Mbarara,30,141900.58,68844.5,191352.52,6,0,0
CUS_PROD_0588,71,Kampala,2,348187.04,267638.54,5663.59,22,1,0
CUS_PROD_0589,53,Kampala,26,1138135.44,422924.56,168953.86,20,0,0
CUS_PROD_0590,57,Gulu,5,141580.88,714944.78,178848.58,21,0,0
CUS_PROD_0591,41,Gulu,13,229989.46,132307.77,19095.21,33,1,0
CUS_PROD_0592,29,Gulu,43,391283.54,160935.91,63036.77,14,0,0
CUS_PROD_0593,63,Mbarara,8,83545.88,56215.81,83718.73,39,2,1
CUS_PROD_0594,52,Jinja,3,144081.4,186208.31,463309.45,27,0,1
CUS_PROD_0595,53,Entebbe,39,199562.93,51407.19,49056.96,25,0,0
CUS_PROD_0596,33,Entebbe,52,767.26,27111.86,145347.84,42,1,0
CUS_PROD_0597,62,Kampala,48,311166.41,264716.49,326463.47,8,0,1
CUS_PROD_0598,46,Kampala,33,203342.14,187930.65,195482.87,40,0,0
CUS_PROD_0599,48,Gulu,11,354753.54,1095116.08,95508.65,19,0,0
CUS_PROD_0600,59,Jinja,54,23435.54,80190.93,282488.33,28,2,1
CUS_PROD_0601,50,Gulu,19,88062.15,710731.63,109258.86,40,1,0
CUS_PROD_0602,51,Kampala,58,567604.95,61875.41,20162.68,7,0,0
CUS_PROD_0603,48,Kampala,9,795634.42,159384.86,39163.87,43,2,0
CUS_PROD_0604,54,Gulu,47,214952.01,35584.68,67758.32,32,2,0
CUS_PROD_0605,43,Kampala,22,115989.52,546305.39,88070.06,9,1,1
CUS_PROD_0606,35,Kampala,17,726025.41,58977.75,57787.71,43,1,0
CUS_PROD_0607,28,Nairobi,13,177499.43,40093.07,129136.25,15,0,0
CUS_PROD_0608,71,Nairobi,53,359090.21,337150.43,31486.66,30,0,0
CUS_PROD_0609,51,Jinja,15,15842.4,269840.73,51154.11,25,0,0
CUS_PROD_0610,41,Gulu,42,495515.35,276733.17,96973.75,15,1,0
CUS_PROD_0611,68,Nairobi,6,609711.29,61024.83,30291.77,19,1,0
CUS_PROD_0612,56,Kampala,54,121777.79,950.52,214945.21,33,1,1
CUS_PROD_0613,21,Kampala,37,56932.15,17883.02,226367.67,35,0,0
CUS_PROD_0614,43,Gulu,19,357993.34,219533.66,46191.99,32,0,0
CUS_PROD_0615,44,Gulu,26,91360.91,93532.77,103027.29,6,0,0
CUS_PROD_0616,57,Gulu,10,286189.55,250767.63,178781.94,26,1,1
CUS_PROD_0617,55,Kampala,41,131495.38,624979.0,117594.63,40,2,0
CUS_PROD_0618,41,Nairobi,8,250808.35,238237.52,414034.15,11,0,0
CUS_PROD_0619,30,Kampala,4,67307.72,33320.14,188139.08,36,0,0
CUS_PROD_0620,62,Gulu,2,17313.33,91902.33,91815.12,27,1,0
CUS_PROD_0621,20,Gulu,49,347403.89,173211.1,21871.08,31,0,1
CUS_PROD_0622,31,Gulu,24,284958.75,383013.39,49715.0,17,0,0
CUS_PROD_0623,23,Nairobi,55,778783.21,223779.04,9232.9,22,0,0
CUS_PROD_0624,26,Kampala,36,32167.83,114423.15,74601.92,38,1,0
CUS_PROD_0625,40,Kampala,1,258092.37,575296.26,269204.65,8,1,0
CUS_PROD_0626,68,Nairobi,8,128682.01,88237.65,47798.98,24,0,1
CUS_PROD_0627,47,Kampala,59,226314.8,76852.44,26692.18,27,2,1
CUS_PROD_0628,55,Gulu,14,393951.43,140854.34,116883.1,23,1,1
CUS_PROD_0629,34,Gulu,29,237421.87,254726.21,219554.84,8,0,0
CUS_PROD_0630,40,Kampala,8,10385.39,53475.81,61001.07,28,2,1
CUS_PROD_0631,72,Gulu,47,241979.81,187388.62,50778.09,8,1,0
CUS_PROD_0632,46,Gulu,43,118118.31,349.03,259179.88,29,0,1
CUS_PROD_0633,53,Kampala,25,294554.43,252273.0,264493.59,33,0,0
CUS_PROD_0634,61,Jinja,29,580236.2,42763.29,200361.93,13,0,0
CUS_PROD_0635,18,Kampala,29,727609.05,256983.53,351393.39,18,0,0
CUS_PROD_0636,70,Nairobi,17,87230.68,92090.98,769376.4,37,3,1
CUS_PROD_0637,69,Kampala,38,247830.39,112966.53,41793.03,42,2,0
CUS_PROD_0638,51,Gulu,7,75861.95,299301.85,264733.79,9,0,1
CUS_PROD_0639,23,Kampala,41,510656.09,48150.64,206915.59,40,1,1
CUS_PROD_0640,61,Gulu,1,764778.86,613090.62,5063.28,14,0,0
CUS_PROD_0641,43,Kampala,46,35789.25,24586.08,55644.13,24,1,0
CUS_PROD_0642,20,Dar es Salaam,39,67693.49,7005.66,91655.35,39,0,0
CUS_PROD_0643,65,Kampala,5,116887.88,42929.03,480128.94,37,0,0
CUS_PROD_0644,22,Gulu,15,648153.79,381814.51,87984.81,44,0,1
CUS_PROD_0645,70,Kampala,51,109674.23,94254.23,85847.94,36,1,0
CUS_PROD_0646,51,Gulu,9,318445.59,269175.98,278451.46,5,0,0
CUS_PROD_0647,49,Kampala,41,263143.34,792.44,589211.29,29,1,0
CUS_PROD_0648,49,Nairobi,47,645220.68,136424.02,147488.96,17,2,0
CUS_PROD_0649,57,Nairobi,16,446831.77,121230.06,53066.87,28,0,1
CUS_PROD_0650,51,Kampala,23,16281.23,223498.1,92564.02,16,0,0
CUS_PROD_0651,32,Jinja,36,417185.24,118934.33,234437.79,7,1,0
CUS_PROD_0652,39,Entebbe,7,303623.86,64660.24,47984.96,17,0,0
CUS_PROD_0653,29,Gulu,55,101841.53,164643.37,16957.47,38,0,1
CUS_PROD_0654,63,Nairobi,57,324326.0,23164.99,36716.45,39,0,0
CUS_PROD_0655,60,Kampala,35,308095.11,286469.15,69402.42,33,0,0
CUS_PROD_0656,65,Gulu,7,15427.18,42219.61,26272.7,32,0,0
CUS_PROD_0657,68,Kampala,47,308974.12,299722.36,56685.26,15,0,0
CUS_PROD_0658,74,Kampala,4,61062.98,2185.51,136503.73,5,1,0
CUS_PROD_0659,37,Gulu,23,613061.01,78407.21,5205.42,5,0,0
CUS_PROD_0660,42,Kampala,25,180425.49,24892.03,71502.67,43,0,1
CUS_PROD_0661,27,Jinja,36,309510.4,332255.62,145048.56,7,0,0
CUS_PROD_0662,48,Kampala,30,180428.91,388388.92,277598.22,40,2,0
CUS_PROD_0663,43,Kampala,49,126039.04,102291.58,201526.74,5,0,0
CUS_PROD_0664,26,Mbarara,35,131886.73,83716.17,102249.79,12,0,0
CUS_PROD_0665,27,Kampala,47,193087.78,154762.88,21006.5,34,0,0
CUS_PROD_0666,74,Kampala,58,166831.21,17770.79,357789.53,14,0,1
CUS_PROD_0667,49,Dar es Salaam,17,184258.52,7318.98,186075.75,7,0,0
CUS_PROD_0668,72,Entebbe,14,99181.02,328558.39,159789.15,36,0,1
CUS_PROD_0669,68,Kampala,56,7939.95,248635.2,81396.5,19,0,0
CUS_PROD_0670,36,Entebbe,53,46634.89,9397.69,76826.52,23,0,1
CUS_PROD_0671,46,Gulu,40,337580.89,419264.38,266251.43,33,0,0
CUS_PROD_0672,67,Kampala,46,35494.53,196362.29,9282.79,6,1,0
CUS_PROD_0673,50,Gulu,13,240955.65,271539.24,147275.11,18,0,0
CUS_PROD_0674,32,Gulu,51,138001.8,393257.3,187735.23,28,1,1
CUS_PROD_0675,66,Gulu,36,1691.75,38029.44,147437.43,40,1,0
CUS_PROD_0676,28,Jinja,1,420369.41,78917.31,464478.03,36,0,0
CUS_PROD_0677,49,Kampala,38,156022.42,182262.15,253861.58,42,1,1
CUS_PROD_0678,19,Kampala,6,319960.42,96968.14,213575.85,16,1,0
CUS_PROD_0679,62,Gulu,15,190304.58,253161.33,179693.14,17,1,0
CUS_PROD_0680,66,Nairobi,15,698400.02,14343.43,144531.12,39,0,0
CUS_PROD_0681,59,Gulu,8,56140.24,315696.23,72622.7,24,0,1
CUS_PROD_0682,41,Kampala,50,563640.02,10547.2,74960.08,30,1,0
CUS_PROD_0683,72,Gulu,46,55539.91,433167.9,128538.95,25,0,1
CUS_PROD_0684,50,Mbarara,41,74801.21,187772.84,93357.3,7,0,1
CUS_PROD_0685,23,Entebbe,24,247885.59,171427.11,166636.68,19,2,0
CUS_PROD_0686,29,Dar es Salaam,54,336848.62,205699.83,157862.03,28,0,0
CUS_PROD_0687,40,Mbarara,5,22749.22,112128.99,18310.29,36,0,0
CUS_PROD_0688,56,Gulu,22,101659.66,75224.15,31878.77,16,1,1
CUS_PROD_0689,22,Kampala,16,830725.54,49868.69,609223.73,10,1,0
CUS_PROD_0690,60,Gulu,44,279812.36,322162.06,96029.29,13,2,0
CUS_PROD_0691,54,Entebbe,39,6537.19,119068.72,15117.41,7,0,0
CUS_PROD_0692,37,Nairobi,17,65462.78,121086.5,78631.25,8,0,0
CUS_PROD_0693,35,Mbarara,51,339369.3,36498.31,6005.78,26,0,1
CUS_PROD_0694,31,Dar es Salaam,55,349710.59,192896.1,16013.93,35,1,0
CUS_PROD_0695,27,Nairobi,36,102970.51,187935.42,70336.06,12,1,0
CUS_PROD_0696,39,Kampala,32,16711.74,18603.54,53367.85,32,0,0
CUS_PROD_0697,53,Nairobi,34,157303.49,50214.23,118635.52,25,1,0
CUS_PROD_0698,65,Gulu,28,79085.97,68528.55,353836.02,40,2,1
CUS_PROD_0699,62,Kampala,10,264330.68,84467.97,773.76,40,1,1
CUS_PROD_0700,39,Gulu,36,106083.51,162813.76,15669.4,11,1,0
CUS_PROD_0701,18,Nairobi,31,7641.4,124926.47,306638.47,26,2,0
CUS_PROD_0702,45,Kampala,16,269957.63,65759.89,116971.5,33,3,1
CUS_PROD_0703,61,Gulu,27,861055.27,5500.18,71757.54,30,0,0
CUS_PROD_0704,64,Kampala,4,142771.78,97746.27,68957.35,38,0,1
CUS_PROD_0705,35,Gulu,12,239348.0,22320.63,144811.92,40,1,1
CUS_PROD_0706,29,Entebbe,13,492.62,139904.97,114061.48,32,1,0
CUS_PROD_0707,61,Entebbe,58,211892.25,821687.94,5920.23,37,0,0
CUS_PROD_0708,35,Gulu,35,213569.94,31835.75,74869.46,21,0,1
CUS_PROD_0709,20,Gulu,31,26976.89,605411.78,44161.23,42,1,1
CUS_PROD_0710,42,Gulu,56,252251.08,280433.39,391003.96,32,1,0
CUS_PROD_0711,50,Kampala,13,89165.89,25309.88,89498.98,29,0,0
CUS_PROD_0712,40,Mbarara,19,63854.89,120518.16,154785.13,42,1,0
CUS_PROD_0713,39,Entebbe,7,677404.65,21063.1,112948.51,39,1,0
CUS_PROD_0714,58,Kampala,2,230430.61,336084.95,78021.54,20,1,0
CUS_PROD_0715,37,Kampala,1,300129.42,69425.35,113948.37,8,2,0
CUS_PROD_0716,26,Gulu,3,555692.23,584090.37,16347.42,13,2,0
CUS_PROD_0717,44,Kampala,16,182350.43,407716.22,181048.46,14,0,0
CUS_PROD_0718,59,Kampala,39,44584.53,130132.5,118128.77,8,1,0
CUS_PROD_0719,22,Gulu,54,160753.66,200417.66,1799.97,37,1,0
CUS_PROD_0720,65,Kampala,45,28681.08,1830.19,15957.99,15,2,0
CUS_PROD_0721,66,Gulu,19,257436.45,41866.68,1280244.18,27,1,0
CUS_PROD_0722,46,Kampala,47,19487.38,12643.19,172534.76,29,0,0
CUS_PROD_0723,49,Jinja,47,146568.81,181419.87,286356.59,15,0,0
CUS_PROD_0724,49,Kampala,37,50889.7,38779.43,90780.05,29,0,0
CUS_PROD_0725,41,Kampala,59,43452.25,94469.4,274976.66,16,1,0
CUS_PROD_0726,59,Entebbe,34,219706.1,145274.78,19212.51,39,0,1
CUS_PROD_0727,57,Gulu,9,235014.24,52660.33,39587.56,31,0,1
CUS_PROD_0728,38,Kampala,23,412968.97,21244.46,123738.19,24,0,0
CUS_PROD_0729,29,Nairobi,27,126546.05,4.45,241596.02,12,1,0
CUS_PROD_0730,73,Entebbe,31,128603.52,204724.73,159820.3,38,0,1
CUS_PROD_0731,31,Jinja,6,44411.66,112888.81,694150.98,28,1,1
CUS_PROD_0732,52,Dar es Salaam,23,154993.85,275679.25,30334.02,33,1,0
CUS_PROD_0733,67,Entebbe,37,137972.59,62460.48,208210.01,9,0,0
CUS_PROD_0734,21,Kampala,7,195954.96,100189.62,328810.75,5,0,0
CUS_PROD_0735,38,Gulu,6,150790.63,344823.99,257113.65,20,0,0
CUS_PROD_0736,35,Gulu,8,1036068.84,975025.49,21968.63,20,1,0
CUS_PROD_0737,66,Gulu,42,502083.99,45247.77,107373.3,22,2,0
CUS_PROD_0738,60,Gulu,4,35122.47,673473.04,326405.04,44,3,0
CUS_PROD_0739,33,Jinja,15,19863.97,345867.56,91295.55,40,1,1
CUS_PROD_0740,25,Kampala,10,99535.45,149040.44,208556.61,37,1,0
CUS_PROD_0741,56,Gulu,44,306789.4,419452.59,124598.77,20,1,0
CUS_PROD_0742,62,Kampala,1,356613.18,49234.66,56500.1,11,0,0
CUS_PROD_0743,39,Gulu,41,246634.12,96936.74,241471.32,22,0,0
CUS_PROD_0744,70,Kampala,40,201455.44,60862.32,157996.89,12,0,0
CUS_PROD_0745,64,Entebbe,18,345736.93,124189.63,33993.79,33,2,0
CUS_PROD_0746,35,Entebbe,50,39374.76,110459.21,28269.1,36,0,0
CUS_PROD_0747,22,Gulu,42,291293.24,148008.8,61542.23,19,1,0
CUS_PROD_0748,57,Mbarara,56,687074.71,285006.53,21414.98,5,1,0
CUS_PROD_0749,59,Kampala,23,163826.92,36702.16,245992.62,42,1,0
CUS_PROD_0750,64,Mbarara,39,436616.26,177378.17,624832.84,11,1,0
CUS_PROD_0751,41,Kampala,11,56970.92,102633.22,266535.26,14,0,0
CUS_PROD_0752,48,Jinja,2,127675.52,117826.66,99727.62,33,3,1
CUS_PROD_0753,27,Entebbe,18,82686.07,653570.57,210577.37,23,0,1
CUS_PROD_0754,69,Entebbe,12,83432.3,315792.78,218277.78,15,1,0
CUS_PROD_0755,27,Gulu,15,321700.76,369157.64,335002.11,22,0,1
CUS_PROD_0756,21,Kampala,11,243406.28,163237.03,143325.77,34,1,0
CUS_PROD_0757,63,Entebbe,2,440679.85,205004.1,246073.72,43,1,1
CUS_PROD_0758,68,Gulu,19,628611.18,55277.43,7439.2,37,0,1
CUS_PROD_0759,71,Gulu,46,396007.44,586285.19,106878.84,5,0,1
CUS_PROD_0760,68,Gulu,7,31269.09,166018.98,81429.89,12,0,0
CUS_PROD_0761,35,Gulu,46,96139.44,320765.38,104563.57,39,1,1
CUS_PROD_0762,48,Kampala,16,554730.47,655063.53,117001.47,12,0,0
CUS_PROD_0763,25,Nairobi,43,79981.73,475560.51,7445.2,14,1,0
CUS_PROD_0764,29,Entebbe,12,168328.05,201023.2,393103.1,25,1,1
CUS_PROD_0765,55,Dar es Salaam,24,185901.72,171432.51,302261.05,26,1,0
CUS_PROD_0766,45,Jinja,44,9005.55,66486.49,186291.31,22,1,1
CUS_PROD_0767,72,Jinja,36,293126.31,63972.38,122043.68,30,1,1
CUS_PROD_0768,46,Gulu,34,482657.58,74695.6,891832.82,20,2,0
CUS_PROD_0769,48,Gulu,56,21841.24,265678.67,26651.13,13,1,0
CUS_PROD_0770,34,Mbarara,55,71067.57,96954.01,87416.99,11,1,1
CUS_PROD_0771,25,Kampala,3,440191.69,45810.23,20270.07,29,0,1
CUS_PROD_0772,31,Nairobi,34,176269.33,16017.54,123917.88,25,0,1
CUS_PROD_0773,34,Entebbe,2,235461.77,106238.68,33544.48,35,1,1
CUS_PROD_0774,26,Kampala,18,181293.78,53961.21,156451.3,23,1,1
CUS_PROD_0775,64,Entebbe,58,231083.36,147502.3,64472.76,10,0,0
CUS_PROD_0776,34,Gulu,13,87706.36,289660.32,39614.99,36,0,1
CUS_PROD_0777,26,Dar es Salaam,4,285706.88,201897.14,87676.48,7,0,0
CUS_PROD_0778,57,Kampala,36,92186.04,137600.56,1095.87,9,0,0
CUS_PROD_0779,58,Kampala,22,337358.85,100106.45,700441.71,43,1,0
CUS_PROD_0780,44,Gulu,59,201456.87,378949.9,12847.64,20,1,0
CUS_PROD_0781,46,Entebbe,11,208537.6,35947.37,308259.94,41,0,0
CUS_PROD_0782,39,Entebbe,45,69275.72,926210.98,96508.09,24,3,1
CUS_PROD_0783,42,Kampala,17,777296.18,135260.82,311594.58,15,0,0
CUS_PROD_0784,18,Entebbe,36,67088.37,447900.01,662015.04,36,1,0
CUS_PROD_0785,34,Gulu,12,369458.97,138084.95,7417.82,12,1,0
CUS_PROD_0786,48,Gulu,10,279819.63,460546.98,140519.1,34,2,0
CUS_PROD_0787,20,Jinja,45,719370.03,38630.79,137004.02,27,0,1
CUS_PROD_0788,44,Gulu,28,45048.25,523700.24,243600.11,25,0,0
CUS_PROD_0789,22,Gulu,46,21719.13,445193.47,39337.16,34,1,0
CUS_PROD_0790,43,Kampala,7,119487.96,168517.4,201713.26,34,0,1
CUS_PROD_0791,22,Gulu,45,175143.85,205149.5,25658.72,5,1,0
CUS_PROD_0792,72,Mbarara,25,382409.67,79314.0,222140.35,35,0,1
CUS_PROD_0793,24,Kampala,30,28689.93,40808.97,46706.57,12,0,0
CUS_PROD_0794,40,Kampala,37,195257.75,98456.69,397056.15,25,0,1
CUS_PROD_0795,30,Kampala,55,302883.3,319060.4,43189.7,34,0,0
CUS_PROD_0796,57,Gulu,3,317376.76,404949.17,67804.7,16,0,1
CUS_PROD_0797,42,Nairobi,3,49131.5,203767.2,166200.2,6,0,0
CUS_PROD_0798,28,Gulu,40,89407.01,3629.51,230643.27,26,1,0
CUS_PROD_0799,57,Gulu,36,52659.45,21153.56,118439.8,38,0,0
CUS_PROD_0800,48,Kampala,56,79273.79,124271.84,242016.64,22,1,0
CUS_PROD_0801,38,Mbarara,51,1456108.08,16511.16,9752.81,41,1,0
CUS_PROD_0802,70,Gulu,15,181890.52,601963.45,361151.55,39,2,1
CUS_PROD_0803,38,Jinja,9,208965.59,42914.8,49884.59,41,1,0
CUS_PROD_0804,28,Gulu,4,155473.74,353186.93,83824.3,44,1,0
CUS_PROD_0805,58,Kampala,37,83168.1,529486.32,25456.23,26,1,0
CUS_PROD_0806,51,Entebbe,32,612346.53,392573.25,304531.83,10,1,0
CUS_PROD_0807,20,Entebbe,14,221835.46,100612.19,69328.07,41,1,0
CUS_PROD_0808,37,Entebbe,30,55259.31,61761.63,83914.77,16,0,0
CUS_PROD_0809,18,Jinja,40,141806.63,120712.3,56179.62,29,0,0
CUS_PROD_0810,42,Gulu,18,161573.55,381622.61,154976.96,44,1,0
CUS_PROD_0811,28,Nairobi,9,73222.28,274913.86,162.07,21,2,1
CUS_PROD_0812,53,Gulu,7,719963.33,128792.52,109006.68,15,0,0
CUS_PROD_0813,22,Gulu,12,177006.03,362577.52,103251.46,19,1,0
CUS_PROD_0814,71,Kampala,21,68191.88,199224.17,25704.75,42,1,0
CUS_PROD_0815,60,Nairobi,43,166810.57,19016.27,21225.95,10,2,0
CUS_PROD_0816,59,Kampala,51,869799.76,402360.68,403211.23,16,0,0
CUS_PROD_0817,74,Gulu,59,338638.47,131707.35,116052.27,9,1,0
CUS_PROD_0818,70,Gulu,32,479260.44,86401.62,403702.46,33,0,1
CUS_PROD_0819,19,Nairobi,41,25539.82,477610.81,88136.53,18,0,0
CUS_PROD_0820,18,Dar es Salaam,40,48234.88,703690.51,37206.61,24,0,0
CUS_PROD_0821,34,Nairobi,15,207211.63,11832.47,132739.32,35,0,1
CUS_PROD_0822,49,Dar es Salaam,36,106497.5,280131.55,577.92,42,2,1
CUS_PROD_0823,54,Kampala,23,885742.43,48723.28,61451.96,20,0,0
CUS_PROD_0824,23,Gulu,1,125949.9,235358.36,86772.82,39,0,1
CUS_PROD_0825,51,Entebbe,35,399151.64,737194.47,199369.05,43,0,0
CUS_PROD_0826,22,Mbarara,2,99230.37,42045.61,13507.52,15,2,0
CUS_PROD_0827,50,Kampala,3,481983.46,462777.39,66389.15,18,0,0
CUS_PROD_0828,56,Gulu,31,234576.96,169768.03,7211.72,20,1,0
CUS_PROD_0829,74,Kampala,14,250055.88,23904.99,45296.74,15,0,0
CUS_PROD_0830,55,Kampala,41,379933.01,663478.32,56911.47,13,0,0
CUS_PROD_0831,31,Gulu,54,89118.18,24409.83,295662.34,25,0,0
CUS_PROD_0832,31,Gulu,22,38650.1,486420.08,42237.33,44,0,0
CUS_PROD_0833,37,Kampala,34,31234.27,155382.56,624880.47,25,1,0
CUS_PROD_0834,41,Jinja,30,236370.83,29365.94,58311.84,15,0,0
CUS_PROD_0835,42,Nairobi,27,363064.48,186918.61,71017.56,16,0,0
CUS_PROD_0836,53,Kampala,20,91608.83,336783.63,455825.51,12,1,0
CUS_PROD_0837,61,Nairobi,59,12274.63,322619.3,39703.15,14,0,0
CUS_PROD_0838,36,Mbarara,8,220687.48,269767.66,335262.39,20,1,0
CUS_PROD_0839,29,Entebbe,13,27813.18,254232.03,183309.47,16,0,1
CUS_PROD_0840,73,Kampala,38,85167.59,169789.56,48557.44,22,0,1
CUS_PROD_0841,33,Nairobi,41,382642.74,678858.32,172203.33,42,0,1
CUS_PROD_0842,26,Nairobi,17,8150.99,298382.17,3819.8,14,0,1
CUS_PROD_0843,53,Kampala,12,649690.08,3689.21,2526.14,13,0,0
CUS_PROD_0844,50,Gulu,31,341192.93,20947.52,31833.9,9,1,0
CUS_PROD_0845,22,Gulu,31,420245.52,38541.17,219870.34,26,0,0
CUS_PROD_0846,74,Kampala,22,921380.2,56547.81,357442.87,18,1,0
CUS_PROD_0847,34,Gulu,24,29827.04,73327.73,230118.11,21,0,1
CUS_PROD_0848,35,Kampala,52,657895.82,116123.87,10901.8,39,0,0
CUS_PROD_0849,46,Entebbe,19,22628.82,50400.2,12942.87,38,1,1
CUS_PROD_0850,47,Entebbe,57,651905.81,68399.32,118869.85,36,1,1
CUS_PROD_0851,69,Jinja,49,150291.69,3643.89,373698.92,13,0,0
CUS_PROD_0852,54,Jinja,3,941080.81,228773.81,52297.08,23,0,0
CUS_PROD_0853,18,Gulu,54,8227.16,152315.09,35558.28,17,0,0
CUS_PROD_0854,20,Gulu,10,559406.2,243649.73,270052.33,32,0,0
CUS_PROD_0855,63,Jinja,4,322221.48,24595.77,58095.16,12,1,0
CUS_PROD_0856,66,Jinja,48,245000.54,21555.01,133325.18,36,0,1
CUS_PROD_0857,71,Gulu,5,244605.51,94387.49,347202.89,42,0,0
CUS_PROD_0858,28,Jinja,26,212794.58,282427.48,36508.61,34,0,1
CUS_PROD_0859,53,Kampala,47,329392.9,102114.59,49563.9,36,0,0
CUS_PROD_0860,52,Gulu,8,166622.64,443797.66,147636.48,33,0,0
CUS_PROD_0861,48,Nairobi,5,20958.0,281579.65,31214.13,7,1,0
CUS_PROD_0862,18,Mbarara,14,189668.93,306054.22,90672.67,28,1,1
CUS_PROD_0863,29,Kampala,57,15904.53,986386.12,118357.24,33,1,1
CUS_PROD_0864,67,Kampala,42,17589.72,1939.43,233631.02,17,0,0
CUS_PROD_0865,53,Jinja,21,377126.42,231239.1,226948.48,10,0,0
CUS_PROD_0866,68,Jinja,16,785714.36,302553.58,158385.39,35,0,0
CUS_PROD_0867,27,Kampala,27,291354.83,77659.11,11008.03,22,1,1
CUS_PROD_0868,52,Dar es Salaam,28,192334.63,142164.02,60675.0,6,1,0
CUS_PROD_0869,38,Kampala,53,256907.16,33528.45,23425.08,32,0,0
CUS_PROD_0870,66,Gulu,15,178353.97,292397.91,78420.04,40,0,0
CUS_PROD_0871,22,Kampala,41,154931.78,647764.11,188769.9,43,0,0
CUS_PROD_0872,50,Dar es Salaam,21,74699.63,245718.83,124033.7,16,1,0
CUS_PROD_0873,22,Gulu,54,45245.53,489929.05,15903.12,33,1,0
CUS_PROD_0874,35,Dar es Salaam,12,28210.41,30579.84,35153.77,28,0,1
CUS_PROD_0875,47,Gulu,23,31582.65,408649.35,12889.74,42,0,0
CUS_PROD_0876,47,Kampala,41,639894.88,265366.32,132630.81,44,0,0
CUS_PROD_0877,38,Gulu,6,200238.5,272117.72,135167.45,16,1,0
CUS_PROD_0878,52,Jinja,25,16948.95,29610.48,404748.59,21,2,1
CUS_PROD_0879,37,Nairobi,15,242218.69,1280859.32,14582.07,26,1,0
CUS_PROD_0880,18,Nairobi,1,173408.37,136117.14,28401.42,25,1,1
CUS_PROD_0881,70,Kampala,17,404484.41,155089.31,107984.33,17,0,0
CUS_PROD_0882,56,Gulu,6,55017.45,646649.79,3585.14,7,0,0
CUS_PROD_0883,65,Kampala,37,252351.47,37877.89,8609.14,14,1,0
CUS_PROD_0884,68,Entebbe,1,75172.63,77365.17,81576.92,34,0,0
CUS_PROD_0885,43,Kampala,27,216364.19,180477.76,102473.44,16,0,0
CUS_PROD_0886,73,Kampala,18,540731.42,571921.29,7255.36,36,0,0
CUS_PROD_0887,24,Mbarara,31,74097.45,129263.55,191280.73,43,0,0
CUS_PROD_0888,42,Kampala,20,511533.56,79116.9,144759.0,23,1,0
CUS_PROD_0889,20,Mbarara,18,163310.02,78370.46,177976.04,31,1,1
CUS_PROD_0890,30,Nairobi,36,399257.87,70593.33,295295.56,6,1,0
CUS_PROD_0891,59,Gulu,21,360995.59,640998.16,41741.15,25,1,0
CUS_PROD_0892,54,Kampala,57,108735.1,170137.59,70972.26,34,1,1
CUS_PROD_0893,74,Jinja,36,32819.33,217164.05,219353.17,37,0,0
CUS_PROD_0894,23,Kampala,9,44882.25,93693.09,72762.61,30,0,0
CUS_PROD_0895,73,Kampala,10,158433.7,250871.39,115842.16,18,0,0
CUS_PROD_0896,52,Jinja,29,31483.37,185453.18,28501.49,34,1,0
CUS_PROD_0897,49,Gulu,8,399479.7,66384.63,4348.91,17,0,0
CUS_PROD_0898,70,Gulu,5,450372.49,125249.16,378964.42,39,0,1
CUS_PROD_0899,64,Kampala,34,1737029.51,392785.1,14009.66,21,0,0
CUS_PROD_0900,38,Kampala,25,372445.19,355434.24,54858.3,18,0,0
CUS_PROD_0901,28,Gulu,47,78313.2,146232.45,379836.24,44,0,1
CUS_PROD_0902,22,Kampala,30,319918.24,133700.35,30486.01,25,2,0
CUS_PROD_0903,50,Gulu,45,374590.29,100004.86,25887.47,12,1,0
CUS_PROD_0904,39,Gulu,31,165985.06,177926.62,67258.74,15,1,0
CUS_PROD_0905,56,Gulu,36,479456.88,339489.81,75469.9,21,0,1
CUS_PROD_0906,47,Gulu,1,68276.95,37165.17,247270.29,19,2,0
CUS_PROD_0907,37,Kampala,54,205910.02,147911.21,97577.08,18,0,0
CUS_PROD_0908,70,Gulu,5,328124.92,116932.44,62674.27,38,1,1
CUS_PROD_0909,58,Nairobi,45,48576.93,95519.57,157003.84,12,0,0
CUS_PROD_0910,45,Jinja,2,286726.42,167178.29,121354.54,11,0,0
CUS_PROD_0911,38,Jinja,8,490506.39,92452.02,82890.07,15,2,0
CUS_PROD_0912,40,Gulu,5,2672.96,363908.33,159700.01,20,1,1
CUS_PROD_0913,46,Kampala,6,399461.75,413993.9,4583.28,19,1,0
CUS_PROD_0914,56,Gulu,2,221320.67,393211.21,391843.05,26,0,0
CUS_PROD_0915,28,Kampala,41,421022.62,176704.31,196791.31,41,0,0
CUS_PROD_0916,34,Kampala,52,158396.3,10107.49,391989.15,41,1,1
CUS_PROD_0917,33,Gulu,42,84327.13,57718.2,129072.47,12,0,0
CUS_PROD_0918,27,Entebbe,8,369423.61,649728.76,108731.28,22,0,1
CUS_PROD_0919,68,Jinja,11,243956.69,98092.52,45198.01,13,1,0
CUS_PROD_0920,36,Gulu,39,36987.97,15507.62,198612.83,41,2,0
CUS_PROD_0921,55,Gulu,30,214189.71,552541.23,34793.26,25,2,0
CUS_PROD_0922,32,Gulu,13,9298.78,7333.3,112075.13,27,0,1
CUS_PROD_0923,45,Gulu,14,174.7,46980.89,604460.49,11,1,0
CUS_PROD_0924,49,Mbarara,38,6699.79,261581.42,150427.18,12,1,0
CUS_PROD_0925,70,Dar es Salaam,46,169940.51,8418.38,548927.91,14,3,0
CUS_PROD_0926,22,Entebbe,31,83009.41,55654.51,113889.68,18,0,0
CUS_PROD_0927,60,Nairobi,22,207914.3,60091.38,141300.97,10,1,0
CUS_PROD_0928,41,Mbarara,18,82868.88,165598.69,3739.52,35,2,1
CUS_PROD_0929,27,Jinja,38,70775.95,125878.09,33464.23,22,0,0
CUS_PROD_0930,33,Kampala,33,237393.97,1908.18,196580.11,20,0,0
CUS_PROD_0931,42,Gulu,21,186759.94,184239.19,37494.46,35,0,1
CUS_PROD_0932,19,Dar es Salaam,27,333784.39,851560.66,180428.88,43,1,1
CUS_PROD_0933,29,Gulu,55,53329.15,119217.93,212492.58,21,1,0
CUS_PROD_0934,30,Dar es Salaam,1,379849.81,296212.51,45364.42,33,0,0
CUS_PROD_0935,27,Mbarara,58,192285.22,45142.8,1440.26,19,2,0
CUS_PROD_0936,69,Gulu,50,332037.6,169046.62,77315.0,17,1,1
CUS_PROD_0937,49,Gulu,44,40518.97,143157.33,59441.7,14,0,0
CUS_PROD_0938,68,Gulu,50,41636.26,130633.32,89862.44,7,1,0
CUS_PROD_0939,40,Entebbe,23,92276.74,340544.73,229392.97,30,1,1
CUS_PROD_0940,55,Kampala,25,390022.86,185706.93,486.91,26,0,0
CUS_PROD_0941,54,Kampala,8,1607.3,4341.84,99402.46,11,0,0
CUS_PROD_0942,52,Entebbe,14,379989.03,125987.75,27793.64,33,0,1
CUS_PROD_0943,45,Nairobi,27,27655.87,73074.19,74380.46,41,1,0
CUS_PROD_0944,46,Jinja,33,2689.73,82258.36,78420.41,17,1,0
CUS_PROD_0945,44,Gulu,45,31741.12,643301.12,34814.82,28,0,0
CUS_PROD_0946,34,Kampala,40,75957.78,37513.99,56751.94,39,0,0
CUS_PROD_0947,61,Nairobi,49,86445.88,113160.1,34749.55,39,3,1
CUS_PROD_0948,53,Nairobi,4,846426.4,88926.93,65325.99,8,0,1
CUS_PROD_0949,37,Nairobi,59,792087.52,118740.66,155917.55,14,2,0
CUS_PROD_0950,22,Entebbe,9,67806.26,1145518.86,107471.38,7,2,0
CUS_PROD_0951,51,Kampala,18,425809.91,6097.68,244942.97,27,1,1
CUS_PROD_0952,54,Kampala,11,41031.36,70828.47,34229.72,28,1,0
CUS_PROD_0953,18,Gulu,51,491889.48,87336.04,86403.15,19,0,0
CUS_PROD_0954,46,Kampala,26,179370.8,243317.32,104901.45,9,0,0
CUS_PROD_0955,66,Gulu,21,348602.59,55827.02,152704.52,25,0,0
CUS_PROD_0956,44,Nairobi,42,59092.7,195828.2,35363.41,15,0,0
CUS_PROD_0957,37,Entebbe,42,143489.65,158674.97,77016.81,8,1,0
CUS_PROD_0958,54,Nairobi,33,34033.44,67286.34,331978.67,10,0,0
CUS_PROD_0959,67,Kampala,20,12018.6,63093.6,74966.86,31,0,1
CUS_PROD_0960,31,Mbarara,35,572309.46,190071.09,193937.69,37,0,1
CUS_PROD_0961,61,Gulu,26,40093.48,137575.51,4476.76,17,1,0
CUS_PROD_0962,68,Entebbe,31,255679.85,54654.37,160620.03,43,1,0
CUS_PROD_0963,18,Jinja,33,154101.81,472080.46,71049.59,40,2,0
CUS_PROD_0964,58,Nairobi,46,15767.46,83159.31,118110.75,39,0,0
CUS_PROD_0965,50,Kampala,44,485151.15,295649.54,37964.41,23,0,1
CUS_PROD_0966,62,Kampala,30,6832.26,316068.99,241206.72,5,0,0
CUS_PROD_0967,56,Dar es Salaam,3,104004.02,360625.99,102797.96,26,3,1
CUS_PROD_0968,72,Nairobi,49,182461.5,84154.91,139191.29,38,1,0
CUS_PROD_0969,21,Kampala,41,150452.18,106057.1,57852.21,37,1,0
CUS_PROD_0970,22,Gulu,9,329750.63,12473.77,110499.13,12,2,0
CUS_PROD_0971,43,Kampala,38,421264.55,181773.73,298553.08,22,0,0
CUS_PROD_0972,30,Kampala,48,338544.93,445946.2,201873.13,24,1,1
CUS_PROD_0973,29,Kampala,31,207511.78,251903.93,135732.57,41,0,0
CUS_PROD_0974,18,Kampala,21,238405.03,21981.96,38319.02,20,2,0
CUS_PROD_0975,30,Kampala,53,28298.53,760620.13,349842.9,6,2,0
CUS_PROD_0976,26,Jinja,25,359007.57,263325.92,42054.7,17,0,0
CUS_PROD_0977,61,Kampala,21,186192.43,654183.77,90658.09,24,0,0
CUS_PROD_0978,34,Jinja,6,936091.54,30785.25,502970.44,13,1,0
CUS_PROD_0979,50,Mbarara,14,387177.03,472986.72,367437.08,29,1,0
CUS_PROD_0980,62,Gulu,47,483683.14,158993.56,32131.6,10,0,0
CUS_PROD_0981,47,Nairobi,25,374285.94,376768.13,146646.41,27,0,0
CUS_PROD_0982,20,Kampala,24,172051.36,524643.95,51663.77,42,1,0
CUS_PROD_0983,57,Nairobi,8,65738.07,922544.05,68131.55,29,2,0
CUS_PROD_0984,67,Gulu,38,288998.71,421149.37,5618.55,16,0,1
CUS_PROD_0985,65,Gulu,51,71191.56,279774.82,193197.67,11,0,0
CUS_PROD_0986,19,Nairobi,44,1077671.99,192295.08,305530.71,24,0,0
CUS_PROD_0987,40,Gulu,33,99480.52,14285.68,42579.19,26,0,0
CUS_PROD_0988,58,Nairobi,12,119105.22,138196.32,204435.73,23,1,1
CUS_PROD_0989,33,Kampala,52,112665.33,264357.46,121355.73,37,0,1
CUS_PROD_0990,56,Kampala,11,61944.11,284311.11,150889.6,16,1,1
CUS_PROD_0991,25,Kampala,42,30443.93,76991.69,315798.82,14,1,0
CUS_PROD_0992,68,Kampala,39,235864.78,46445.2,236066.14,19,1,0
CUS_PROD_0993,70,Kampala,24,879224.16,1523.66,214168.5,20,1,0
CUS_PROD_0994,35,Jinja,34,218694.92,154835.93,219815.03,24,0,1
CUS_PROD_0995,28,Gulu,31,434025.94,700588.55,154140.2,36,1,0
CUS_PROD_0996,18,Gulu,44,143910.6,283481.18,92764.49,14,0,0
CUS_PROD_0997,74,Jinja,59,9595.35,7319.33,82809.72,21,0,1
CUS_PROD_0998,67,Kampala,3,266583.52,124069.44,138345.93,11,1,0
CUS_PROD_0999,27,Kampala,22,167779.81,121347.34,694638.26,21,1,1
CUS_PROD_1000,61,Kampala,31,33279.77,268317.62,33397.12,28,1,1
CUS_PROD_1001,36,Dar es Salaam,47,215065.37,122345.32,145533.81,35,0,0
CUS_PROD_1002,66,Kampala,1,94057.97,19093.08,1389064.44,9,0,0
CUS_PROD_1003,67,Kampala,39,373928.42,68160.94,17554.91,18,0,0
CUS_PROD_1004,56,Jinja,46,108536.21,351674.24,10438.22,30,0,1
CUS_PROD_1005,38,Dar es Salaam,47,226224.76,262373.65,173608.7,41,0,1
CUS_PROD_1006,52,Nairobi,39,240727.14,65294.65,122883.43,24,0,1
CUS_PROD_1007,29,Gulu,24,184432.43,121529.38,177055.47,33,1,1
CUS_PROD_1008,37,Gulu,27,600349.71,343265.26,167082.74,38,0,1
CUS_PROD_1009,57,Gulu,7,126971.45,134146.69,31043.87,9,0,0
CUS_PROD_1010,58,Kampala,24,12576.72,206697.01,227075.3,44,1,0
CUS_PROD_1011,59,Kampala,54,468677.63,152896.88,69677.09,5,0,0
CUS_PROD_1012,27,Entebbe,41,15269.31,191323.91,123886.94,22,1,1
CUS_PROD_1013,38,Gulu,15,667372.29,211236.04,48019.76,7,0,0
CUS_PROD_1014,26,Nairobi,22,390346.65,133079.92,26561.13,36,0,0
CUS_PROD_1015,74,Kampala,6,37222.61,380229.82,540543.09,24,1,1
CUS_PROD_1016,45,Kampala,2,116393.77,158398.4,326030.04,17,1,1
CUS_PROD_1017,30,Gulu,1,394440.77,173747.12,39151.3,34,1,1
CUS_PROD_1018,27,Kampala,38,96201.85,155850.33,190353.38,14,1,0
CUS_PROD_1019,39,Gulu,13,267619.16,114039.05,38199.21,8,2,0
CUS_PROD_1020,18,Gulu,58,228233.03,225655.53,338559.49,11,1,0
CUS_PROD_1021,33,Gulu,57,91027.35,60742.34,112325.54,9,0,1
CUS_PROD_1022,33,Kampala,38,172300.83,267818.8,159765.29,21,0,0
CUS_PROD_1023,66,Entebbe,48,530803.04,104465.41,128870.79,8,1,0
CUS_PROD_1024,27,Entebbe,37,385412.09,893703.53,32018.27,6,2,0
CUS_PROD_1025,34,Jinja,29,863654.86,111129.32,196000.64,34,1,0
CUS_PROD_1026,25,Entebbe,23,364502.88,41758.23,68786.42,22,2,1
CUS_PROD_1027,57,Kampala,25,256611.03,1170516.58,5143.76,36,1,1
CUS_PROD_1028,19,Mbarara,2,78450.38,42684.12,243866.35,30,0,0
CUS_PROD_1029,21,Kampala,3,9594.08,36370.14,29987.37,34,0,1
CUS_PROD_1030,29,Kampala,54,163535.69,227544.94,41273.02,5,0,0
CUS_PROD_1031,30,Entebbe,25,311411.75,78269.35,193666.22,44,1,1
CUS_PROD_1032,64,Entebbe,2,575705.73,279741.25,13508.66,24,0,0
CUS_PROD_1033,51,Entebbe,27,130297.38,14306.26,332172.31,23,1,0
CUS_PROD_1034,48,Kampala,12,492787.87,41082.02,265610.47,28,0,0
CUS_PROD_1035,21,Kampala,15,224039.03,36232.65,74356.25,26,1,0
CUS_PROD_1036,71,Gulu,57,339689.28,1146189.01,102845.09,15,0,0
CUS_PROD_1037,53,Nairobi,59,87505.88,323727.58,185170.58,35,2,1
CUS_PROD_1038,38,Gulu,57,724367.14,305695.97,103482.28,38,0,1
CUS_PROD_1039,29,Nairobi,55,217905.53,158267.07,78041.19,23,2,1
CUS_PROD_1040,20,Jinja,9,962602.69,295066.66,469302.93,8,1,0
CUS_PROD_1041,70,Entebbe,3,161813.76,43674.43,71315.5,23,1,0
CUS_PROD_1042,64,Kampala,3,391498.36,145212.53,43338.36,19,0,0
CUS_PROD_1043,48,Kampala,32,166716.59,15147.02,314897.91,25,1,1
CUS_PROD_1044,68,Entebbe,54,45220.8,194628.37,57025.75,25,1,0
CUS_PROD_1045,38,Gulu,53,531860.45,353569.51,107932.85,19,0,0
CUS_PROD_1046,48,Jinja,51,1596894.8,314480.82,26360.72,40,0,0
CUS_PROD_1047,32,Gulu,9,224870.41,164013.4,9609.69,20,2,0
CUS_PROD_1048,51,Mbarara,41,180796.89,41838.52,527181.76,15,0,0
CUS_PROD_1049,53,Nairobi,47,133897.17,309297.62,2283.89,14,0,0
CUS_PROD_1050,21,Kampala,14,346308.0,15642.35,141186.74,43,0,0
CUS_PROD_1051,65,Kampala,6,274500.94,209.43,169645.25,17,0,0
CUS_PROD_1052,63,Gulu,19,143517.58,44634.42,26696.37,24,0,1
CUS_PROD_1053,73,Kampala,10,1052751.6,329356.77,789790.89,31,0,0
CUS_PROD_1054,56,Gulu,38,103784.19,115733.38,77792.36,5,1,0
CUS_PROD_1055,52,Gulu,25,369533.03,116779.75,321489.03,20,1,0
CUS_PROD_1056,39,Gulu,40,242633.56,103687.68,138127.49,28,0,0
CUS_PROD_1057,37,Gulu,22,73588.74,11103.99,377827.02,20,1,1
CUS_PROD_1058,37,Gulu,49,442898.69,351572.02,52276.36,35,0,0
CUS_PROD_1059,33,Nairobi,55,89396.33,347056.81,47274.29,26,0,0
CUS_PROD_1060,60,Kampala,27,251020.62,251566.39,67103.44,25,0,1
CUS_PROD_1061,46,Kampala,51,372130.16,608879.95,49537.06,5,0,0
CUS_PROD_1062,74,Gulu,15,451693.46,24292.96,289006.1,29,0,0
CUS_PROD_1063,56,Jinja,33,44039.16,71540.98,138980.17,41,0,0
CUS_PROD_1064,62,Gulu,14,162458.04,95425.08,348702.33,22,0,1
CUS_PROD_1065,50,Entebbe,19,90778.85,146869.55,7767.96,17,2,0
CUS_PROD_1066,57,Kampala,26,6150.0,362641.56,30528.38,22,1,1
CUS_PROD_1067,40,Mbarara,1,109834.94,373650.5,38510.81,39,1,0
CUS_PROD_1068,70,Kampala,25,458636.29,834.09,309662.36,41,1,0
CUS_PROD_1069,56,Kampala,51,222669.14,28636.18,25426.68,44,2,1
CUS_PROD_1070,57,Kampala,30,348473.63,113718.49,102348.28,29,1,1
CUS_PROD_1071,51,Dar es Salaam,56,26713.29,43675.43,44046.55,21,1,1
CUS_PROD_1072,27,Mbarara,42,303062.83,33940.36,61340.16,17,0,0
CUS_PROD_1073,46,Gulu,8,85270.47,193437.43,487111.94,34,0,0
CUS_PROD_1074,60,Dar es Salaam,37,138050.17,56686.06,316208.47,9,1,0
CUS_PROD_1075,44,Entebbe,32,209739.6,42543.04,2278.67,23,1,0
CUS_PROD_1076,24,Entebbe,52,103607.87,909529.85,55909.61,6,0,0
CUS_PROD_1077,57,Mbarara,20,24992.88,28792.36,195456.84,15,1,0
CUS_PROD_1078,46,Jinja,41,10542.84,757473.14,126911.82,8,0,0
CUS_PROD_1079,68,Kampala,55,337496.79,308838.14,2421.77,38,0,1
CUS_PROD_1080,44,Nairobi,1,233927.2,6887.82,39522.35,40,0,1
CUS_PROD_1081,35,Entebbe,50,233943.37,36218.28,40310.1,9,0,1
CUS_PROD_1082,68,Entebbe,55,17600.87,8566.77,14723.13,29,0,0
CUS_PROD_1083,70,Jinja,5,455783.84,281744.58,36978.49,12,1,0
CUS_PROD_1084,31,Kampala,42,235366.22,397883.8,8789.59,39,0,1
CUS_PROD_1085,26,Jinja,16,1231802.65,6319.85,420775.44,12,0,0
CUS_PROD_1086,60,Gulu,6,246268.12,173366.63,46788.93,27,0,1
CUS_PROD_1087,61,Nairobi,31,170584.47,71125.38,36059.79,24,0,1
CUS_PROD_1088,64,Kampala,10,10508.94,359351.6,79114.49,19,0,0
CUS_PROD_1089,41,Kampala,46,131747.87,353110.33,70017.1,14,0,1
CUS_PROD_1090,34,Gulu,30,67499.77,249876.01,558890.68,12,1,0
CUS_PROD_1091,57,Kampala,50,274194.06,276072.68,163436.35,14,0,1
CUS_PROD_1092,61,Gulu,12,630058.85,39663.84,404816.13,36,0,0
CUS_PROD_1093,66,Kampala,8,241683.05,227522.38,12510.64,30,2,0
CUS_PROD_1094,41,Gulu,14,43797.88,352816.6,22701.08,30,1,0
CUS_PROD_1095,49,Entebbe,27,321553.29,33629.74,49360.12,33,1,0
CUS_PROD_1096,58,Jinja,48,121562.83,144435.99,94419.14,44,2,1
CUS_PROD_1097,19,Kampala,49,36392.36,645744.91,162154.25,39,1,0
CUS_PROD_1098,42,Kampala,29,72312.25,98250.34,104529.95,6,1,0
CUS_PROD_1099,20,Jinja,14,883702.98,72456.52,240615.26,42,1,0
CUS_PROD_1100,45,Entebbe,14,66829.84,39344.07,29284.54,24,0,1
CUS_PROD_1101,48,Gulu,52,255653.03,38959.11,35951.99,25,1,1
CUS_PROD_1102,72,Jinja,23,173110.09,31353.39,92125.72,24,1,0
CUS_PROD_1103,43,Mbarara,12,100841.77,1470.89,36203.12,34,0,0
CUS_PROD_1104,45,Kampala,32,501835.93,4066.12,40515.32,24,0,0
CUS_PROD_1105,65,Entebbe,25,3979.34,4207.52,62776.67,13,2,0
CUS_PROD_1106,69,Kampala,47,526027.84,115428.21,236953.64,27,1,0
CUS_PROD_1107,40,Kampala,46,72807.63,447910.17,32483.88,42,0,1
CUS_PROD_1108,31,Mbarara,17,23938.18,56349.92,88776.61,41,1,0
CUS_PROD_1109,51,Kampala,17,400887.07,122465.43,228173.76,23,0,0
CUS_PROD_1110,58,Gulu,44,49179.17,206187.47,15806.38,12,0,0
CUS_PROD_1111,35,Gulu,20,198148.54,575336.64,119085.05,18,0,0
CUS_PROD_1112,56,Gulu,19,201862.09,361001.07,187831.68,38,1,1
CUS_PROD_1113,44,Gulu,28,173134.36,13425.97,158043.2,42,0,0
CUS_PROD_1114,37,Dar es Salaam,2,971483.34,317191.07,109348.9,9,0,0
CUS_PROD_1115,30,Gulu,37,258258.37,26473.25,45460.31,8,1,0
CUS_PROD_1116,42,Kampala,53,373154.34,406776.35,160841.46,18,0,0
CUS_PROD_1117,70,Gulu,6,141885.4,398992.81,81131.75,15,0,0
CUS_PROD_1118,49,Kampala,52,377197.14,406514.06,31584.22,32,0,0
CUS_PROD_1119,69,Kampala,6,81872.92,10688.8,199818.27,21,0,0
CUS_PROD_1120,22,Gulu,26,83755.89,156495.76,142887.14,12,1,0
CUS_PROD_1121,19,Kampala,58,534684.67,304604.34,284513.81,22,0,1
CUS_PROD_1122,36,Gulu,24,438689.42,27901.33,6454.36,15,1,0
CUS_PROD_1123,60,Entebbe,15,74088.46,185269.56,88947.39,28,0,1
CUS_PROD_1124,55,Jinja,41,465689.22,10937.64,222814.89,25,0,0
CUS_PROD_1125,74,Gulu,20,7479.04,351358.19,61630.15,42,1,1
CUS_PROD_1126,64,Nairobi,41,280776.29,45043.09,76004.87,26,0,0
CUS_PROD_1127,22,Gulu,29,344340.99,299905.03,40689.42,17,0,0
CUS_PROD_1128,62,Jinja,6,134433.22,104163.82,34266.23,27,1,1
CUS_PROD_1129,56,Gulu,6,412051.72,38900.88,10309.11,27,0,0
CUS_PROD_1130,20,Kampala,56,93057.21,965893.67,100359.61,12,1,0
CUS_PROD_1131,21,Dar es Salaam,56,164819.2,32514.44,11405.06,12,1,0
CUS_PROD_1132,38,Jinja,28,12807.54,439660.02,60460.52,21,1,0
CUS_PROD_1133,31,Gulu,33,1364532.83,65068.79,108063.61,26,0,0
CUS_PROD_1134,70,Dar es Salaam,21,516240.8,179347.26,27047.87,10,0,0
CUS_PROD_1135,68,Nairobi,24,388688.22,292219.32,599038.96,26,1,1
CUS_PROD_1136,62,Dar es Salaam,41,6764.15,323226.79,1758.69,11,1,0
CUS_PROD_1137,71,Jinja,30,45742.35,91352.59,14123.72,38,0,0
CUS_PROD_1138,67,Gulu,36,77213.18,54583.82,4211.18,10,2,0
CUS_PROD_1139,44,Gulu,53,225835.94,51089.36,84033.22,15,0,0
CUS_PROD_1140,53,Kampala,16,990594.17,62495.46,31009.34,23,1,0
CUS_PROD_1141,37,Gulu,35,250752.5,388689.33,36616.03,43,0,1
CUS_PROD_1142,46,Kampala,21,29639.09,669364.33,209860.56,40,0,1
CUS_PROD_1143,43,Entebbe,4,188222.56,77364.76,205017.74,9,1,0
CUS_PROD_1144,60,Mbarara,5,36808.66,744939.52,32469.35,32,3,0
CUS_PROD_1145,46,Mbarara,57,147953.34,49638.72,2086.9,21,0,1
CUS_PROD_1146,59,Gulu,11,122664.29,341182.73,59473.86,29,0,1
CUS_PROD_1147,36,Gulu,43,302243.4,415432.74,151718.82,36,0,0
CUS_PROD_1148,55,Dar es Salaam,48,90046.22,24753.16,281.19,10,1,1
CUS_PROD_1149,71,Gulu,23,283167.6,28506.52,87138.97,40,1,0
CUS_PROD_1150,21,Mbarara,37,78903.92,126752.51,245477.78,20,0,0
CUS_PROD_1151,50,Kampala,6,352318.24,232176.22,275299.23,35,0,0
CUS_PROD_1152,36,Gulu,30,470322.26,40464.65,72316.18,27,0,0
CUS_PROD_1153,39,Kampala,9,142241.06,36717.1,62435.35,15,3,0
CUS_PROD_1154,18,Gulu,18,147070.17,289874.96,541149.99,42,0,1
CUS_PROD_1155,71,Dar es Salaam,35,588273.95,17579.8,369750.92,14,3,0
CUS_PROD_1156,53,Entebbe,32,400313.95,5658.37,168873.08,31,1,0
CUS_PROD_1157,22,Entebbe,7,1068562.37,151325.16,71216.01,24,0,0
CUS_PROD_1158,40,Kampala,24,274718.94,440612.48,15337.72,28,3,1
CUS_PROD_1159,21,Gulu,18,251412.8,47218.7,91786.91,31,1,0
CUS_PROD_1160,43,Kampala,9,239410.2,93880.17,386748.15,39,1,1
CUS_PROD_1161,35,Gulu,7,213462.71,482620.21,21861.62,41,1,1
CUS_PROD_1162,34,Kampala,10,125512.96,201149.68,51105.05,25,0,0
CUS_PROD_1163,49,Gulu,32,791465.18,263446.31,151168.03,11,2,0
CUS_PROD_1164,34,Kampala,17,326514.26,426750.56,212563.75,12,0,0
CUS_PROD_1165,63,Kampala,4,82637.13,276053.89,55819.99,8,2,0
CUS_PROD_1166,24,Kampala,28,7468.85,66935.78,152423.55,31,0,0
CUS_PROD_1167,37,Gulu,56,17083.99,387322.01,23126.52,24,1,0
CUS_PROD_1168,23,Gulu,16,684669.26,439259.25,13172.21,19,0,0
CUS_PROD_1169,73,Nairobi,19,283504.09,223223.95,39020.25,10,0,0
CUS_PROD_1170,18,Gulu,33,836669.04,41994.65,27968.23,5,0,1
CUS_PROD_1171,27,Entebbe,47,81482.64,151903.17,25691.03,44,0,1
CUS_PROD_1172,74,Dar es Salaam,48,12334.56,57489.03,38618.85,10,0,0
CUS_PROD_1173,40,Entebbe,42,208822.63,116187.98,132802.94,8,1,0
CUS_PROD_1174,49,Gulu,24,188819.78,56100.62,11575.96,5,0,0
CUS_PROD_1175,58,Gulu,23,204708.48,666783.42,44718.51,32,0,0
CUS_PROD_1176,39,Gulu,59,364401.23,90209.41,150433.04,25,1,0
CUS_PROD_1177,49,Dar es Salaam,38,189095.26,130102.65,209371.02,32,0,0
CUS_PROD_1178,62,Gulu,58,242207.57,21136.78,329255.61,39,1,0
CUS_PROD_1179,39,Gulu,26,98811.7,82669.51,61813.02,11,0,0
CUS_PROD_1180,22,Entebbe,19,300992.88,193578.25,25811.01,9,0,0
CUS_PROD_1181,61,Entebbe,56,209793.11,9965.49,129093.56,37,1,1
CUS_PROD_1182,29,Gulu,51,242218.15,207350.71,184028.44,41,0,0
CUS_PROD_1183,57,Entebbe,34,76134.75,515853.72,465419.39,43,0,0
CUS_PROD_1184,60,Kampala,4,42836.03,46796.15,157637.52,25,0,0
CUS_PROD_1185,28,Gulu,15,73147.7,592066.63,186111.18,26,1,0
CUS_PROD_1186,74,Jinja,55,123352.19,250162.29,551847.01,10,0,0
CUS_PROD_1187,48,Jinja,53,522382.17,210638.75,27206.43,33,0,0
CUS_PROD_1188,31,Jinja,15,20118.99,408013.08,66357.52,15,1,0
CUS_PROD_1189,26,Gulu,25,26609.34,128799.68,5399.17,5,0,0
CUS_PROD_1190,67,Gulu,4,45665.44,348082.88,24869.06,30,2,1
CUS_PROD_1191,51,Kampala,56,880552.37,170700.42,19056.67,26,1,1
CUS_PROD_1192,70,Nairobi,17,87231.48,779608.15,120563.39,30,0,0
CUS_PROD_1193,47,Entebbe,29,683778.31,246592.03,21238.84,25,1,0
CUS_PROD_1194,29,Kampala,30,490708.24,434499.24,131582.29,41,2,0
CUS_PROD_1195,42,Nairobi,58,249356.55,41550.49,148970.02,34,1,0
CUS_PROD_1196,49,Kampala,14,3155.15,12831.96,58037.3,40,0,1
CUS_PROD_1197,73,Kampala,34,398587.75,32563.95,136745.49,34,0,1
CUS_PROD_1198,27,Entebbe,27,193457.07,439014.44,292428.93,29,1,0
CUS_PROD_1199,66,Gulu,38,231928.19,950264.96,472911.11,18,0,0
CUS_PROD_1200,68,Kampala,17,232000.58,401980.51,3500.23,34,1,0
CUS_PROD_1201,64,Nairobi,35,1523908.75,1957.69,6399.54,38,1,1
CUS_PROD_1202,54,Jinja,50,11611.25,78404.54,158604.06,11,0,0
CUS_PROD_1203,70,Kampala,48,50577.19,410775.31,55802.3,10,0,0
CUS_PROD_1204,41,Nairobi,16,644942.79,117134.75,322611.48,14,0,0
CUS_PROD_1205,43,Kampala,33,100699.73,181293.72,66235.49,12,2,0
CUS_PROD_1206,56,Kampala,49,75819.84,233864.55,29994.15,36,2,1
CUS_PROD_1207,47,Kampala,15,88060.95,67308.24,45394.45,42,0,1
CUS_PROD_1208,58,Jinja,37,22899.56,283958.28,17020.91,29,0,1
CUS_PROD_1209,71,Nairobi,22,130597.49,8017.25,58002.66,30,1,1
CUS_PROD_1210,35,Nairobi,4,243739.26,127778.21,159098.91,28,0,0
CUS_PROD_1211,69,Entebbe,18,213710.1,37911.77,289871.34,11,2,0
CUS_PROD_1212,54,Nairobi,12,165432.29,432949.58,174560.25,20,0,0
CUS_PROD_1213,28,Gulu,47,575378.84,73838.72,114476.7,34,1,1
CUS_PROD_1214,58,Mbarara,40,574758.21,55984.93,69236.95,16,1,0
CUS_PROD_1215,57,Kampala,5,8151.08,369022.61,126264.57,34,0,1
CUS_PROD_1216,66,Entebbe,53,231989.81,126726.54,6188.74,31,1,1
CUS_PROD_1217,67,Kampala,34,205144.99,330220.08,80446.33,24,1,0
CUS_PROD_1218,27,Kampala,27,200595.21,417292.95,85921.34,33,0,0
CUS_PROD_1219,32,Kampala,52,38942.64,373308.63,47044.88,9,0,0
CUS_PROD_1220,37,Kampala,52,262878.06,676325.83,58489.77,6,1,0
CUS_PROD_1221,74,Jinja,55,352646.32,576149.07,164403.67,29,0,0
CUS_PROD_1222,64,Jinja,56,201045.3,369687.1,239541.21,22,0,1
CUS_PROD_1223,31,Gulu,45,259328.86,169743.91,84168.08,43,2,0
CUS_PROD_1224,43,Entebbe,36,58551.42,98515.55,32904.05,23,0,1
CUS_PROD_1225,50,Gulu,4,15312.66,25086.67,95755.98,26,0,0
CUS_PROD_1226,57,Kampala,13,247180.21,462858.77,228551.9,27,0,1
CUS_PROD_1227,39,Entebbe,6,215427.08,107083.91,5157.24,13,1,0
CUS_PROD_1228,29,Dar es Salaam,34,49862.99,603423.74,316642.72,21,0,1
CUS_PROD_1229,20,Gulu,33,923467.59,35485.38,239088.16,12,0,0
CUS_PROD_1230,28,Kampala,35,571031.36,50440.78,76080.38,30,0,1
CUS_PROD_1231,26,Jinja,34,348794.61,280170.59,97338.09,8,2,0
CUS_PROD_1232,30,Nairobi,57,60764.29,662571.64,111151.75,32,0,0
CUS_PROD_1233,24,Entebbe,7,253068.88,110674.24,50350.98,9,1,0
CUS_PROD_1234,27,Entebbe,42,60846.17,65618.42,36230.26,40,1,0
CUS_PROD_1235,67,Gulu,14,262532.6,425251.09,1108.21,23,1,0
CUS_PROD_1236,58,Jinja,11,354145.97,188747.78,36003.42,34,0,1
CUS_PROD_1237,50,Gulu,42,469612.09,194221.18,65532.43,31,1,1
CUS_PROD_1238,56,Nairobi,12,334068.34,130310.97,299757.5,41,0,1
CUS_PROD_1239,42,Jinja,27,116101.73,514649.72,218711.63,11,1,0
CUS_PROD_1240,18,Nairobi,27,213200.95,144016.54,167976.26,37,1,1
CUS_PROD_1241,24,Gulu,44,534026.69,4952.99,258761.5,8,0,1
CUS_PROD_1242,39,Gulu,1,130349.91,448303.7,43138.35,15,1,0
CUS_PROD_1243,67,Kampala,3,338529.44,119401.29,892088.2,32,1,0
CUS_PROD_1244,50,Mbarara,24,388004.31,87884.2,224103.77,33,2,0
CUS_PROD_1245,33,Gulu,2,311362.31,86843.22,301334.13,26,0,0
CUS_PROD_1246,50,Gulu,35,100619.37,378225.37,27785.31,17,0,0
CUS_PROD_1247,56,Kampala,21,442269.94,153371.29,140412.08,19,1,0
CUS_PROD_1248,24,Nairobi,3,320025.01,32659.73,95946.43,31,0,1
CUS_PROD_1249,49,Kampala,34,1342.13,125913.07,333453.94,23,1,0
CUS_PROD_1250,45,Kampala,53,227929.34,86254.87,9920.83,7,1,0
CUS_PROD_1251,58,Dar es Salaam,53,34139.5,894687.21,23379.77,25,0,0
CUS_PROD_1252,74,Kampala,39,85596.61,43762.71,490642.12,20,0,1
CUS_PROD_1253,38,Gulu,29,48850.46,219227.24,12753.74,37,1,0
CUS_PROD_1254,64,Dar es Salaam,20,34847.88,28014.29,182323.5,14,1,0
CUS_PROD_1255,36,Kampala,50,384790.71,42209.52,158809.14,44,1,1
CUS_PROD_1256,43,Jinja,1,184604.39,305891.85,165034.56,21,1,1
CUS_PROD_1257,23,Gulu,34,104230.5,104474.42,71662.2,41,1,0
CUS_PROD_1258,56,Nairobi,26,55855.34,20147.85,435904.42,28,0,0
CUS_PROD_1259,20,Gulu,1,169817.94,248339.59,153027.07,35,3,1
CUS_PROD_1260,37,Gulu,18,429342.17,144717.77,66381.1,26,0,0
CUS_PROD_1261,65,Gulu,5,371974.71,326810.17,112727.74,36,0,1
CUS_PROD_1262,54,Nairobi,43,23583.97,327597.2,348181.39,18,1,0
CUS_PROD_1263,73,Kampala,37,25072.12,42875.0,298659.57,16,1,0
CUS_PROD_1264,37,Kampala,51,265872.94,329680.79,79159.57,41,0,0
CUS_PROD_1265,54,Jinja,25,149518.61,93465.98,32732.35,35,0,1
CUS_PROD_1266,62,Jinja,14,43424.34,147384.04,108439.1,6,1,0
CUS_PROD_1267,74,Nairobi,28,297617.71,100451.01,253332.88,30,0,0
CUS_PROD_1268,36,Kampala,7,44491.22,116703.09,57079.01,21,0,1
CUS_PROD_1269,58,Kampala,45,250576.41,6390.37,89277.46,36,0,0
CUS_PROD_1270,36,Jinja,19,138755.95,70244.85,194617.46,12,0,0
CUS_PROD_1271,69,Gulu,46,27646.78,27289.91,40804.34,22,1,0
CUS_PROD_1272,62,Nairobi,7,404739.74,137308.1,173826.58,26,1,0
CUS_PROD_1273,54,Gulu,34,84896.6,231198.29,130521.16,44,1,0
CUS_PROD_1274,51,Kampala,8,64601.57,290357.83,6381.11,25,1,0
CUS_PROD_1275,37,Kampala,19,13440.76,99825.83,66931.16,22,0,1
CUS_PROD_1276,22,Gulu,29,186741.07,437614.56,675364.68,31,1,0
CUS_PROD_1277,56,Gulu,1,119149.53,11850.08,41115.44,21,0,0
CUS_PROD_1278,50,Kampala,6,16509.63,23675.38,15259.36,25,1,0
CUS_PROD_1279,67,Kampala,28,745527.82,72095.91,164775.96,14,1,0
CUS_PROD_1280,26,Gulu,1,134270.05,97744.22,284899.44,18,1,0
CUS_PROD_1281,33,Gulu,22,10950.07,184308.55,160449.53,42,1,0
CUS_PROD_1282,24,Kampala,11,779574.61,77199.4,80967.63,34,1,1
CUS_PROD_1283,41,Gulu,47,409205.87,230555.62,7753.71,6,0,0
CUS_PROD_1284,46,Dar es Salaam,46,1315455.56,254672.23,253853.7,9,0,0
CUS_PROD_1285,42,Mbarara,9,12958.99,599334.59,128609.02,5,0,0
CUS_PROD_1286,46,Kampala,25,127383.53,480446.9,358794.95,14,1,0
CUS_PROD_1287,52,Gulu,25,410751.31,71708.4,113013.57,21,0,0
CUS_PROD_1288,66,Entebbe,20,15106.95,122559.62,365458.31,39,1,1
CUS_PROD_1289,18,Mbarara,50,17231.82,22525.46,63028.84,24,0,0
CUS_PROD_1290,63,Gulu,19,443990.87,395054.01,220245.41,30,2,0
CUS_PROD_1291,48,Kampala,45,657824.57,632889.89,100432.89,26,1,1
CUS_PROD_1292,66,Entebbe,2,150710.65,124270.05,127053.83,43,1,0
CUS_PROD_1293,65,Kampala,10,26472.94,67456.39,399847.12,5,0,0
CUS_PROD_1294,18,Kampala,49,16945.41,79231.56,58046.03,40,1,0
CUS_PROD_1295,59,Kampala,49,261746.75,164190.65,44402.27,36,1,0
CUS_PROD_1296,39,Kampala,50,75287.76,638350.12,245392.7,9,0,0
CUS_PROD_1297,19,Nairobi,4,101625.47,57282.9,151191.43,19,0,0
CUS_PROD_1298,72,Kampala,23,33871.42,132953.11,13302.6,18,0,0
CUS_PROD_1299,39,Entebbe,58,21105.6,16468.19,206020.55,21,0,0
CUS_PROD_1300,64,Kampala,47,33247.08,17216.12,77505.03,30,2,0
CUS_PROD_1301,49,Dar es Salaam,29,302888.81,167213.27,3736.41,20,2,0
CUS_PROD_1302,18,Gulu,16,43234.65,201363.38,37276.55,44,0,0
CUS_PROD_1303,62,Gulu,46,4337.6,10368.18,14587.4,15,0,0
CUS_PROD_1304,18,Gulu,54,287417.39,61589.14,67399.18,26,3,1
CUS_PROD_1305,46,Gulu,46,424158.88,267985.35,12758.99,13,1,0
CUS_PROD_1306,37,Gulu,36,62605.26,460253.49,5697.9,35,1,1
CUS_PROD_1307,69,Kampala,32,63901.26,89897.19,5349.43,20,3,0
CUS_PROD_1308,54,Gulu,34,132040.53,731197.71,712595.06,36,1,1
CUS_PROD_1309,25,Kampala,40,45567.59,231511.16,104980.66,33,0,1
CUS_PROD_1310,19,Gulu,19,84762.06,466891.2,53526.41,42,0,1
CUS_PROD_1311,41,Gulu,44,301537.61,17879.25,120725.83,9,0,0
CUS_PROD_1312,72,Jinja,34,275990.34,80706.2,160086.44,28,2,1
CUS_PROD_1313,34,Gulu,36,192889.19,9455.7,303737.61,43,1,0
CUS_PROD_1314,27,Kampala,45,80929.74,317862.67,49021.82,10,0,0
CUS_PROD_1315,53,Kampala,15,453424.37,152404.28,156478.45,32,1,0
CUS_PROD_1316,43,Gulu,31,139167.21,194332.6,147194.27,19,3,1
CUS_PROD_1317,27,Gulu,33,146.28,51924.33,307731.57,11,2,0
CUS_PROD_1318,69,Entebbe,14,235061.98,89948.07,132601.11,19,1,0
CUS_PROD_1319,42,Entebbe,3,928714.89,595926.27,7447.65,21,0,1
CUS_PROD_1320,20,Jinja,23,569523.56,308810.73,277815.28,42,2,1
CUS_PROD_1321,74,Gulu,27,48354.38,67089.61,28810.98,19,2,0
CUS_PROD_1322,67,Kampala,54,11864.87,238595.65,45118.88,37,2,0
CUS_PROD_1323,63,Kampala,47,1670387.57,223766.63,154226.3,35,0,0
CUS_PROD_1324,59,Gulu,29,265559.6,135283.54,161553.0,18,0,0
CUS_PROD_1325,52,Gulu,59,40963.09,294747.66,22281.92,29,1,0
CUS_PROD_1326,28,Mbarara,25,507292.79,4599.3,299990.11,36,1,0
CUS_PROD_1327,56,Entebbe,14,229691.02,95030.0,238403.89,10,1,0
CUS_PROD_1328,73,Gulu,10,80206.07,199001.22,34613.36,10,0,0
CUS_PROD_1329,52,Nairobi,31,253027.74,333629.42,7755.55,11,0,0
CUS_PROD_1330,18,Gulu,31,28824.71,95880.52,136717.68,11,2,0
CUS_PROD_1331,26,Gulu,51,217287.14,120853.23,114162.95,14,0,0
CUS_PROD_1332,49,Jinja,42,122485.28,313936.89,81679.17,18,0,0
CUS_PROD_1333,19,Nairobi,46,257820.9,364099.48,1056.59,40,1,1
CUS_PROD_1334,43,Nairobi,31,45378.57,23966.86,37213.43,23,1,1
CUS_PROD_1335,43,Jinja,4,15137.43,267130.29,39640.54,9,1,0
CUS_PROD_1336,71,Gulu,32,68576.56,231402.42,9780.09,19,1,0
CUS_PROD_1337,32,Dar es Salaam,41,49019.4,466913.75,141263.25,20,1,0
CUS_PROD_1338,57,Gulu,49,180713.94,22207.26,131343.62,10,0,1
CUS_PROD_1339,22,Kampala,48,945533.24,41599.5,324564.97,25,0,0
CUS_PROD_1340,47,Dar es Salaam,34,273484.27,400905.82,70490.79,11,1,0
CUS_PROD_1341,58,Jinja,56,100616.92,63038.5,44536.33,19,2,0
CUS_PROD_1342,55,Nairobi,2,88403.94,20799.4,145340.02,28,1,0
CUS_PROD_1343,35,Kampala,43,97396.26,196854.86,137173.78,15,1,0
CUS_PROD_1344,52,Kampala,58,184725.44,81916.33,121515.14,14,1,0
CUS_PROD_1345,39,Kampala,46,84371.5,60839.66,481677.56,33,1,1
CUS_PROD_1346,62,Dar es Salaam,1,19543.4,151393.1,25513.5,43,0,1
CUS_PROD_1347,39,Gulu,25,162059.78,19332.94,470287.11,21,0,0
CUS_PROD_1348,44,Kampala,35,740887.08,26953.08,344535.74,14,1,0
CUS_PROD_1349,24,Kampala,38,67788.48,260459.74,688457.07,25,0,0
CUS_PROD_1350,31,Kampala,35,16935.41,80642.85,4382.97,41,0,1
CUS_PROD_1351,49,Gulu,50,9456.22,225186.61,11892.61,5,4,0
CUS_PROD_1352,74,Jinja,33,180097.73,127257.05,337507.81,36,0,0
CUS_PROD_1353,44,Entebbe,52,54916.57,334262.56,95463.88,33,0,1
CUS_PROD_1354,44,Dar es Salaam,59,220848.7,594620.9,240623.73,27,1,1
CUS_PROD_1355,40,Kampala,51,68433.09,893457.82,8687.68,7,0,0
CUS_PROD_1356,26,Kampala,58,117140.16,49056.76,82700.65,20,1,1
CUS_PROD_1357,24,Entebbe,41,409868.9,464810.75,131764.55,31,0,0
CUS_PROD_1358,57,Gulu,10,494958.42,3549.95,113435.0,28,1,0
CUS_PROD_1359,38,Kampala,19,251963.9,380792.52,21788.96,27,0,0
CUS_PROD_1360,64,Gulu,42,319456.43,365736.33,19114.24,19,1,0
CUS_PROD_1361,22,Kampala,10,98399.75,270601.49,127170.5,21,1,1
CUS_PROD_1362,61,Gulu,27,28300.78,70610.34,112774.02,30,0,1
CUS_PROD_1363,60,Kampala,2,664192.91,146773.72,106419.83,32,0,0
CUS_PROD_1364,31,Kampala,17,4486.91,44377.04,11656.01,41,0,0
CUS_PROD_1365,62,Gulu,51,595644.5,9774.16,309673.93,9,0,0
CUS_PROD_1366,64,Nairobi,56,145437.3,257244.05,117360.93,31,0,0
CUS_PROD_1367,59,Kampala,28,527573.0,76880.18,339850.82,43,0,0
CUS_PROD_1368,27,Mbarara,45,144796.67,603508.12,77011.92,27,0,0
CUS_PROD_1369,68,Gulu,8,210513.33,391590.71,82217.41,15,0,0
CUS_PROD_1370,40,Kampala,50,505815.74,253318.33,144766.65,31,1,1
CUS_PROD_1371,50,Entebbe,15,211631.96,66690.09,4345.2,28,1,1
CUS_PROD_1372,21,Gulu,48,99278.62,358193.12,153996.03,6,1,0
CUS_PROD_1373,52,Kampala,5,362195.39,6432.01,119242.92,35,0,0
CUS_PROD_1374,18,Mbarara,24,154760.55,317168.63,49484.56,37,0,1
CUS_PROD_1375,25,Mbarara,44,188461.48,28500.23,118233.66,18,1,0
CUS_PROD_1376,29,Dar es Salaam,3,184232.83,99821.51,44270.97,28,0,1
CUS_PROD_1377,33,Nairobi,11,80079.77,79508.83,97400.24,12,1,0
CUS_PROD_1378,46,Dar es Salaam,9,703722.07,60296.87,56370.72,7,0,0
CUS_PROD_1379,73,Dar es Salaam,15,655097.38,3709.31,86035.02,38,1,1
CUS_PROD_1380,36,Gulu,3,258713.15,233707.46,1360.02,35,2,0
CUS_PROD_1381,28,Gulu,48,74907.08,49766.29,94567.97,14,0,1
CUS_PROD_1382,36,Gulu,5,100332.12,45247.36,30222.49,39,1,0
CUS_PROD_1383,71,Kampala,41,234146.43,237477.45,166771.72,23,0,0
CUS_PROD_1384,34,Kampala,25,56110.27,211828.88,30665.21,22,0,0
CUS_PROD_1385,63,Gulu,38,277891.99,157652.5,265836.69,10,0,1
CUS_PROD_1386,41,Dar es Salaam,18,128455.39,248343.74,608459.2,33,1,0
CUS_PROD_1387,54,Dar es Salaam,15,182394.26,181051.9,127538.8,19,1,0
CUS_PROD_1388,50,Kampala,35,41100.57,338722.58,37594.09,41,0,0
CUS_PROD_1389,40,Gulu,8,163681.93,32785.03,278028.12,13,0,0
CUS_PROD_1390,48,Gulu,58,889316.52,56017.03,74705.4,28,2,0
CUS_PROD_1391,40,Kampala,30,297384.63,519431.18,126737.66,12,2,0
CUS_PROD_1392,25,Nairobi,29,115843.32,113589.11,117232.47,20,0,0
CUS_PROD_1393,39,Kampala,56,13077.15,284406.42,119489.12,17,0,0
CUS_PROD_1394,74,Gulu,34,635044.88,168449.83,162672.08,31,0,1
CUS_PROD_1395,74,Mbarara,7,68286.86,219518.07,170462.67,23,0,0
CUS_PROD_1396,54,Kampala,28,73385.58,10173.9,10814.24,39,2,0
CUS_PROD_1397,41,Entebbe,8,65551.75,157437.57,174558.35,19,1,0
CUS_PROD_1398,23,Kampala,11,322865.62,190150.52,228687.39,34,0,0
CUS_PROD_1399,31,Gulu,28,375758.55,101072.64,58195.65,6,1,0
CUS_PROD_1400,35,Entebbe,51,455859.16,59178.77,89293.14,43,0,0
CUS_PROD_1401,51,Kampala,39,44244.44,116265.8,261369.2,22,0,1
CUS_PROD_1402,48,Jinja,43,53395.36,416212.07,26787.82,14,0,0
CUS_PROD_1403,74,Kampala,14,85729.76,116303.47,168730.56,22,0,0
CUS_PROD_1404,49,Entebbe,6,387338.75,12754.21,50677.48,9,0,0
CUS_PROD_1405,33,Kampala,31,38287.95,80707.21,84603.99,8,0,1
CUS_PROD_1406,66,Jinja,35,125454.83,384224.27,145824.62,26,2,1
CUS_PROD_1407,25,Kampala,34,100196.81,63694.88,51091.37,9,2,0
CUS_PROD_1408,19,Gulu,42,281453.58,1220928.45,116865.46,41,1,0
CUS_PROD_1409,39,Kampala,48,562983.81,563145.6,159543.61,5,1,0
CUS_PROD_1410,45,Entebbe,32,705250.86,180423.71,179919.45,7,2,0
CUS_PROD_1411,40,Gulu,19,335989.02,251185.59,97407.07,31,0,0
CUS_PROD_1412,30,Kampala,4,191284.09,15581.65,7492.16,28,1,0
CUS_PROD_1413,52,Jinja,41,486557.24,136317.42,10621.67,9,0,0
CUS_PROD_1414,66,Kampala,50,42976.54,956088.76,259844.75,28,1,0
CUS_PROD_1415,69,Gulu,24,321885.13,771863.29,36178.53,38,0,1
CUS_PROD_1416,35,Kampala,35,660180.73,39472.0,58551.35,14,1,0
CUS_PROD_1417,31,Dar es Salaam,22,460323.28,16428.02,333548.29,16,0,0
CUS_PROD_1418,19,Gulu,41,171124.63,115213.49,92789.56,24,0,1
CUS_PROD_1419,74,Nairobi,46,108100.3,317101.23,354927.35,7,1,0
CUS_PROD_1420,20,Gulu,47,1353180.58,3897.92,199970.25,29,1,0
CUS_PROD_1421,20,Kampala,36,1082746.89,1140137.58,175743.79,6,2,0
CUS_PROD_1422,57,Gulu,30,165513.96,521449.6,204912.47,14,0,0
CUS_PROD_1423,45,Entebbe,22,77278.72,67672.19,100754.9,31,0,0
CUS_PROD_1424,47,Kampala,35,384453.95,64797.48,13967.3,14,0,0
CUS_PROD_1425,21,Nairobi,22,228967.48,212574.55,274484.18,11,0,0
CUS_PROD_1426,31,Gulu,15,433628.18,47675.15,112740.21,41,1,0
CUS_PROD_1427,53,Kampala,14,210461.53,96404.17,100802.0,15,0,0
CUS_PROD_1428,25,Gulu,47,140065.12,226422.2,206213.15,8,0,0
CUS_PROD_1429,46,Kampala,30,1900.95,596745.97,23487.79,9,0,0
CUS_PROD_1430,36,Gulu,19,9855.5,58993.42,133807.5,31,0,0
CUS_PROD_1431,28,Gulu,56,141473.37,277548.14,24204.11,13,0,0
CUS_PROD_1432,72,Entebbe,32,93403.33,522079.1,67850.78,24,1,0
CUS_PROD_1433,44,Entebbe,25,28791.79,789151.47,124080.2,39,0,1
CUS_PROD_1434,62,Kampala,30,486188.61,45058.15,17580.1,13,0,0
CUS_PROD_1435,58,Gulu,59,331598.32,293299.67,80535.65,42,0,0
CUS_PROD_1436,25,Jinja,24,405975.25,74863.79,119190.66,36,0,1
CUS_PROD_1437,48,Kampala,3,20095.4,1816.93,123316.28,17,0,0
CUS_PROD_1438,61,Gulu,54,3964.47,94376.82,65381.21,12,1,0
CUS_PROD_1439,35,Jinja,34,90771.17,397452.2,233921.95,29,0,0
CUS_PROD_1440,39,Nairobi,26,71906.3,39928.6,86233.29,9,1,1
CUS_PROD_1441,20,Gulu,51,890696.06,52302.57,144977.66,44,0,0
CUS_PROD_1442,20,Gulu,20,261165.5,74850.67,63043.32,44,0,0
CUS_PROD_1443,30,Kampala,11,43340.34,151206.01,298692.05,7,2,0
CUS_PROD_1444,42,Jinja,44,440537.95,30386.98,656225.23,5,0,0
CUS_PROD_1445,57,Mbarara,20,234905.77,207409.32,165468.89,23,0,0
CUS_PROD_1446,61,Entebbe,38,78460.85,353486.86,235787.79,27,0,1
CUS_PROD_1447,29,Kampala,59,453976.04,9512.85,164164.23,25,0,0
CUS_PROD_1448,66,Gulu,5,139944.81,413650.97,62585.04,14,2,0
CUS_PROD_1449,50,Entebbe,44,113597.92,58959.18,48184.7,13,0,0
CUS_PROD_1450,61,Jinja,11,1862257.54,307413.69,84524.34,20,1,0
CUS_PROD_1451,60,Dar es Salaam,16,422845.91,45896.57,71956.86,9,2,0
CUS_PROD_1452,65,Gulu,2,499694.8,37491.31,2049.16,42,1,0
CUS_PROD_1453,56,Gulu,38,898434.78,67949.11,270309.3,16,0,0
CUS_PROD_1454,52,Kampala,37,736969.95,70764.74,501773.96,29,1,0
CUS_PROD_1455,54,Gulu,20,563803.42,78128.26,252674.83,42,0,0
CUS_PROD_1456,35,Kampala,21,700712.82,106405.15,379158.04,21,0,0
CUS_PROD_1457,26,Gulu,30,93917.93,121048.93,375277.04,10,0,1
CUS_PROD_1458,60,Gulu,56,292554.88,162828.86,74417.37,39,2,0
CUS_PROD_1459,25,Dar es Salaam,48,178609.95,8529.42,69781.85,27,0,0
CUS_PROD_1460,67,Nairobi,49,115049.54,77472.13,145614.54,26,1,1
CUS_PROD_1461,48,Jinja,6,445287.54,116203.46,143707.2,28,1,0
CUS_PROD_1462,19,Gulu,27,130011.75,20637.23,16412.87,38,1,0
CUS_PROD_1463,69,Kampala,22,250564.16,296094.55,17034.11,20,0,0
CUS_PROD_1464,56,Gulu,15,38875.65,321123.22,67415.27,10,2,0
CUS_PROD_1465,46,Nairobi,51,100041.59,16205.42,278355.99,33,1,1
CUS_PROD_1466,51,Entebbe,11,396691.33,330158.13,18661.56,34,0,0
CUS_PROD_1467,55,Kampala,26,19770.48,120180.99,149875.81,7,0,0
CUS_PROD_1468,46,Nairobi,7,161789.04,104622.91,13731.71,29,1,1
CUS_PROD_1469,38,Gulu,46,201924.5,66918.56,43097.12,15,0,0
CUS_PROD_1470,20,Kampala,14,511321.51,25966.44,29062.46,40,1,1
CUS_PROD_1471,72,Kampala,35,410584.98,145802.02,2607.47,43,0,1
CUS_PROD_1472,26,Jinja,28,658913.17,90894.54,3626.4,41,1,1
CUS_PROD_1473,52,Nairobi,18,92179.84,27056.92,497967.29,24,0,1
CUS_PROD_1474,37,Jinja,53,240275.55,235861.69,405811.9,40,0,0
CUS_PROD_1475,33,Jinja,51,634640.42,550827.52,44338.2,27,2,1
CUS_PROD_1476,30,Nairobi,9,168281.55,326252.43,1247.78,24,2,1
CUS_PROD_1477,74,Nairobi,5,69434.27,169943.88,13735.33,38,0,0
CUS_PROD_1478,64,Gulu,52,26297.92,166091.94,191452.51,31,0,0
CUS_PROD_1479,30,Entebbe,4,36486.29,106226.38,253967.37,12,0,0
CUS_PROD_1480,38,Nairobi,6,156113.47,265963.05,212171.12,12,1,0
CUS_PROD_1481,50,Kampala,3,699124.97,61029.1,165113.98,21,1,0
CUS_PROD_1482,73,Kampala,50,366341.31,483772.41,43507.02,21,0,1
CUS_PROD_1483,47,Kampala,19,31088.54,291194.63,21736.81,11,3,0
CUS_PROD_1484,50,Nairobi,12,404468.85,37284.86,190968.39,36,0,0
CUS_PROD_1485,58,Gulu,4,94639.94,301289.58,238246.37,41,1,0
CUS_PROD_1486,39,Kampala,44,285997.24,92508.37,62954.68,34,0,0
CUS_PROD_1487,67,Gulu,31,287877.52,347598.68,110514.96,39,0,0
CUS_PROD_1488,41,Entebbe,48,184832.21,180595.25,26872.65,37,0,0
CUS_PROD_1489,39,Kampala,34,116578.31,217766.48,140754.25,38,1,0
CUS_PROD_1490,67,Mbarara,49,311748.55,276445.07,132750.99,16,0,0
CUS_PROD_1491,40,Entebbe,27,230385.3,7591.79,245993.0,11,0,1
CUS_PROD_1492,55,Kampala,41,124475.66,96663.01,201877.33,41,0,0
CUS_PROD_1493,55,Kampala,52,69632.84,220803.07,17063.01,32,2,1
CUS_PROD_1494,68,Jinja,25,405952.76,212543.16,115524.37,42,1,1
CUS_PROD_1495,34,Gulu,44,486020.82,87000.98,93657.07,36,1,1
CUS_PROD_1496,74,Kampala,32,867951.95,208022.86,205431.3,30,1,0
CUS_PROD_1497,61,Nairobi,34,500574.55,387159.65,71441.6,43,1,1
CUS_PROD_1498,35,Dar es Salaam,43,318987.69,71127.83,191043.52,25,1,0
CUS_PROD_1499,47,Entebbe,46,93900.09,17655.51,322085.43,37,1,1
CUS_PROD_1500,54,Dar es Salaam,6,7474.88,25098.48,36203.36,11,0,0
CUS_PROD_1501,22,Gulu,35,505022.07,401634.15,3194.36,20,2,0
CUS_PROD_1502,58,Kampala,48,238907.43,315753.17,189740.9,15,0,0
CUS_PROD_1503,55,Kampala,16,405374.9,283812.59,3444.15,14,0,0
CUS_PROD_1504,34,Gulu,28,697115.04,74446.95,294350.91,36,0,0
CUS_PROD_1505,51,Entebbe,33,43335.91,32230.32,567583.52,5,0,0
CUS_PROD_1506,68,Gulu,7,340399.83,192071.8,421305.48,44,0,1
CUS_PROD_1507,56,Entebbe,37,30916.0,199254.92,171409.06,5,0,0
CUS_PROD_1508,41,Kampala,26,133838.98,640450.27,173432.18,9,0,1
CUS_PROD_1509,53,Kampala,2,622557.44,19275.05,8536.11,39,0,0
CUS_PROD_1510,56,Kampala,48,228019.84,71651.69,51349.24,32,2,0
CUS_PROD_1511,30,Gulu,2,13310.25,168567.56,96190.43,17,0,0
CUS_PROD_1512,69,Nairobi,48,57697.03,46262.65,279942.03,8,1,0
CUS_PROD_1513,30,Entebbe,28,370070.32,238148.94,169327.5,19,1,0
CUS_PROD_1514,68,Nairobi,25,78063.72,54398.45,12699.07,41,0,1
CUS_PROD_1515,74,Kampala,41,311436.86,3870.79,57994.75,26,0,1
CUS_PROD_1516,29,Entebbe,45,188194.43,175902.71,306437.78,37,0,1
CUS_PROD_1517,21,Jinja,45,11790.94,224881.34,19639.14,17,2,1
CUS_PROD_1518,38,Nairobi,9,192672.39,208732.83,69543.15,22,0,1
CUS_PROD_1519,37,Entebbe,56,77401.04,29143.12,255418.85,19,0,0
CUS_PROD_1520,40,Kampala,21,414307.65,396643.15,18500.74,35,0,0
CUS_PROD_1521,41,Entebbe,41,173340.88,726157.6,59277.37,16,2,1
CUS_PROD_1522,49,Gulu,30,6424.44,197325.9,41807.43,19,0,0
CUS_PROD_1523,66,Nairobi,30,36555.72,87443.93,87078.02,39,0,1
CUS_PROD_1524,70,Kampala,54,194585.68,18922.47,199057.31,24,0,0
CUS_PROD_1525,60,Nairobi,1,6626.55,244476.27,261283.47,7,1,1
CUS_PROD_1526,70,Kampala,18,945806.94,262142.06,92334.37,7,2,0
CUS_PROD_1527,18,Entebbe,15,90828.8,65735.36,214050.32,39,0,1
CUS_PROD_1528,47,Kampala,6,475066.78,157194.17,211085.79,29,1,1
CUS_PROD_1529,71,Kampala,41,758098.23,164582.15,268213.58,8,1,0
CUS_PROD_1530,61,Gulu,12,45781.89,75741.95,34656.83,25,1,0
CUS_PROD_1531,61,Entebbe,21,688507.9,103356.51,3623.13,11,0,0
CUS_PROD_1532,25,Gulu,34,167903.08,157766.72,25903.04,32,0,0
CUS_PROD_1533,70,Kampala,26,261563.17,35274.47,75358.7,42,1,0
CUS_PROD_1534,26,Kampala,36,68803.26,460822.49,10754.22,7,0,0
CUS_PROD_1535,57,Gulu,58,108742.23,431949.94,144527.6,33,0,1
CUS_PROD_1536,55,Gulu,6,121395.48,90478.21,486304.0,30,1,0
CUS_PROD_1537,50,Gulu,15,26734.7,381589.19,203727.76,30,0,0
CUS_PROD_1538,59,Kampala,43,39561.81,47261.96,314496.31,16,1,1
CUS_PROD_1539,59,Kampala,16,70324.69,4849.69,217434.48,7,0,0
CUS_PROD_1540,46,Gulu,17,979503.42,180030.47,81798.88,12,2,0
CUS_PROD_1541,27,Entebbe,5,23196.24,368241.41,53070.61,15,1,1
CUS_PROD_1542,57,Mbarara,51,155486.92,21916.19,26258.64,15,0,1
CUS_PROD_1543,37,Kampala,55,331209.54,83398.99,36626.06,34,2,1
CUS_PROD_1544,36,Kampala,13,24112.71,139463.51,586822.2,24,0,0
CUS_PROD_1545,40,Kampala,43,6409.8,393625.11,263090.25,43,1,1
CUS_PROD_1546,72,Entebbe,53,45987.62,167909.29,94948.7,10,1,0
CUS_PROD_1547,55,Jinja,26,743728.46,602965.57,147593.02,36,2,0
CUS_PROD_1548,49,Kampala,15,186375.26,137219.12,45504.49,24,0,1
CUS_PROD_1549,66,Entebbe,1,22627.01,64625.27,130374.54,11,0,1
CUS_PROD_1550,73,Gulu,7,286198.4,157203.16,329773.21,29,1,0
CUS_PROD_1551,31,Kampala,11,359191.61,407455.77,132705.9,15,0,0
CUS_PROD_1552,27,Gulu,37,315057.97,201029.81,271322.22,44,1,0
CUS_PROD_1553,59,Entebbe,57,481757.8,52065.68,232529.89,5,1,0
CUS_PROD_1554,64,Kampala,35,141884.64,323400.28,54717.42,41,1,0
CUS_PROD_1555,31,Entebbe,32,144206.04,23475.88,16575.76,8,0,0
CUS_PROD_1556,42,Gulu,45,99297.29,859030.88,210247.77,19,0,0
CUS_PROD_1557,20,Nairobi,10,80694.32,169515.77,73110.32,16,1,0
CUS_PROD_1558,52,Entebbe,49,475802.91,380792.69,39802.39,34,0,1
CUS_PROD_1559,37,Kampala,33,137016.37,80598.17,7776.71,7,0,0
CUS_PROD_1560,40,Nairobi,55,958179.98,242906.3,46658.45,11,0,0
CUS_PROD_1561,43,Mbarara,48,59355.72,541994.47,496043.47,16,2,0
CUS_PROD_1562,40,Nairobi,16,70312.42,152177.12,107268.39,5,0,0
CUS_PROD_1563,43,Dar es Salaam,59,15115.47,8313.68,34154.02,30,0,0
CUS_PROD_1564,36,Jinja,33,310443.47,15488.63,86885.05,40,4,1
CUS_PROD_1565,20,Entebbe,3,184508.58,176179.35,127737.13,27,0,1
CUS_PROD_1566,54,Kampala,30,5508.86,542700.29,18656.65,33,0,1
CUS_PROD_1567,69,Gulu,52,79645.14,135575.75,17326.93,30,0,0
CUS_PROD_1568,26,Gulu,36,77847.93,588739.35,266080.64,36,0,0
CUS_PROD_1569,56,Mbarara,59,311036.28,71684.52,75995.18,35,0,0
CUS_PROD_1570,43,Nairobi,22,90323.43,114836.04,51023.97,19,1,0
CUS_PROD_1571,20,Gulu,24,308227.97,52013.37,56510.69,11,1,0
CUS_PROD_1572,55,Gulu,43,555190.56,298494.05,95911.57,17,0,0
CUS_PROD_1573,55,Gulu,51,112496.36,321397.8,123368.97,36,2,0
CUS_PROD_1574,24,Gulu,36,3227.5,26384.22,188953.4,31,0,1
CUS_PROD_1575,72,Kampala,1,189047.1,75997.53,123071.64,5,0,0
CUS_PROD_1576,48,Jinja,8,280237.59,12389.0,4955.13,37,0,0
CUS_PROD_1577,38,Jinja,3,119071.63,383926.54,52742.44,41,0,1
CUS_PROD_1578,55,Dar es Salaam,52,62344.51,78490.61,196128.43,16,2,0
CUS_PROD_1579,20,Mbarara,15,84261.03,25957.32,109177.5,10,1,0
CUS_PROD_1580,31,Gulu,8,19052.19,142597.53,37279.43,30,0,1
CUS_PROD_1581,49,Kampala,8,62053.43,202842.22,12550.35,14,0,0
CUS_PROD_1582,25,Gulu,54,262720.19,82136.8,214954.94,23,0,0
CUS_PROD_1583,32,Gulu,49,716574.46,70425.01,682717.67,10,0,0
CUS_PROD_1584,39,Mbarara,9,232569.94,22567.94,82281.71,37,1,0
CUS_PROD_1585,18,Jinja,34,378994.55,320293.62,140771.22,19,0,0
CUS_PROD_1586,33,Jinja,57,48401.08,194691.05,402105.64,39,1,1
CUS_PROD_1587,67,Entebbe,48,135791.48,25.83,195115.84,34,1,1
CUS_PROD_1588,39,Kampala,40,45516.21,262763.46,286885.31,5,1,0
CUS_PROD_1589,35,Nairobi,19,122606.08,21531.43,507179.72,41,0,0
CUS_PROD_1590,62,Gulu,45,598490.38,418131.99,72872.05,16,1,0
CUS_PROD_1591,31,Mbarara,43,412572.5,149245.73,225362.35,5,3,1
CUS_PROD_1592,59,Entebbe,6,45003.64,98104.04,99426.03,21,1,0
CUS_PROD_1593,70,Gulu,1,518920.08,175093.01,47771.95,38,1,0
CUS_PROD_1594,64,Gulu,7,1150983.15,143144.02,106064.14,21,2,1
CUS_PROD_1595,49,Kampala,11,359985.77,128143.09,121907.56,35,0,1
CUS_PROD_1596,48,Gulu,44,170872.65,300369.3,936.81,11,0,0
CUS_PROD_1597,42,Gulu,17,688253.91,144132.62,47802.93,31,0,0
CUS_PROD_1598,57,Kampala,13,134126.11,53.25,167222.46,6,1,1
CUS_PROD_1599,26,Gulu,31,17077.72,158129.33,23204.18,5,2,0
CUS_PROD_1600,58,Kampala,54,236159.4,209272.55,32081.98,15,0,0
CUS_PROD_1601,48,Mbarara,20,37982.65,163160.05,297652.52,7,0,1
CUS_PROD_1602,60,Gulu,55,147208.61,17426.01,82350.51,15,0,0
CUS_PROD_1603,33,Kampala,59,131819.17,180475.83,106021.45,29,1,1
CUS_PROD_1604,57,Nairobi,19,746105.51,300859.13,641110.57,7,0,1
CUS_PROD_1605,62,Nairobi,1,476476.85,336274.18,211189.66,8,0,0
CUS_PROD_1606,72,Kampala,18,93515.71,248915.97,292604.02,26,0,0
CUS_PROD_1607,73,Gulu,18,403535.4,353831.94,14229.81,44,0,0
CUS_PROD_1608,35,Gulu,44,604042.54,153521.91,191537.5,27,1,1
CUS_PROD_1609,24,Kampala,17,186707.96,262371.02,40394.91,10,0,0
CUS_PROD_1610,55,Entebbe,16,545127.36,346056.55,12222.61,11,1,0
CUS_PROD_1611,63,Gulu,6,94821.75,843235.5,25030.64,40,0,0
CUS_PROD_1612,39,Gulu,15,360541.48,139403.59,20355.99,28,0,0
CUS_PROD_1613,24,Gulu,21,156163.23,218152.49,23227.64,44,0,0
CUS_PROD_1614,52,Kampala,14,392593.37,220774.45,52520.4,15,2,0
CUS_PROD_1615,65,Kampala,53,219637.3,172536.73,88501.28,6,0,0
CUS_PROD_1616,33,Kampala,38,199284.75,283023.61,171197.31,8,0,0
CUS_PROD_1617,27,Kampala,4,26333.1,247436.66,143399.55,16,1,1
CUS_PROD_1618,69,Kampala,55,260546.06,188406.12,80327.29,24,2,0
CUS_PROD_1619,52,Kampala,35,33399.63,615440.56,30074.13,13,3,0
CUS_PROD_1620,31,Entebbe,43,144878.22,304982.52,30462.73,29,0,0
CUS_PROD_1621,37,Nairobi,55,223972.41,134670.74,78298.86,15,2,0
CUS_PROD_1622,41,Kampala,24,20700.49,75735.04,635718.09,19,0,0
CUS_PROD_1623,31,Gulu,42,25448.65,60923.38,213865.21,5,2,0
CUS_PROD_1624,29,Jinja,59,579003.65,125367.2,16217.73,11,0,1
CUS_PROD_1625,20,Kampala,49,140877.1,58594.78,69439.95,19,0,0
CUS_PROD_1626,74,Dar es Salaam,30,48325.44,249019.3,201395.8,7,0,0
CUS_PROD_1627,48,Kampala,4,51535.13,691912.78,23558.77,36,0,0
CUS_PROD_1628,45,Gulu,32,1042831.85,72672.0,119885.11,20,0,0
CUS_PROD_1629,47,Gulu,38,192621.55,140044.83,29235.45,41,0,0
CUS_PROD_1630,64,Entebbe,25,8553.5,446108.1,66647.75,18,1,0
CUS_PROD_1631,24,Gulu,49,319630.99,225821.96,19669.81,20,1,0
CUS_PROD_1632,30,Kampala,47,154788.0,41424.61,398734.09,13,0,0
CUS_PROD_1633,72,Kampala,4,104605.01,373727.92,141795.13,13,0,0
CUS_PROD_1634,59,Kampala,54,178222.84,62614.18,275175.51,7,1,0
CUS_PROD_1635,74,Gulu,24,51915.32,62503.78,6678.32,17,1,0
CUS_PROD_1636,35,Kampala,54,81230.62,401866.41,218266.61,16,3,0
CUS_PROD_1637,19,Mbarara,23,117548.75,569769.0,44561.92,14,0,0
CUS_PROD_1638,52,Entebbe,57,553940.88,37517.25,49454.73,37,2,1
CUS_PROD_1639,19,Gulu,28,308019.87,55674.25,59080.62,36,0,0
CUS_PROD_1640,72,Entebbe,27,112606.7,91577.13,27447.92,15,1,0
CUS_PROD_1641,25,Entebbe,52,472346.04,146011.04,230514.2,34,1,0
CUS_PROD_1642,23,Mbarara,58,290141.48,143364.85,102.1,21,0,0
CUS_PROD_1643,49,Dar es Salaam,23,25760.2,1393892.02,295182.7,8,0,0
CUS_PROD_1644,44,Entebbe,1,11341.45,282875.47,94645.74,19,0,0
CUS_PROD_1645,49,Dar es Salaam,47,22470.24,140432.56,107421.78,27,1,0
CUS_PROD_1646,72,Gulu,23,189150.42,218977.14,441291.28,34,0,0
CUS_PROD_1647,51,Entebbe,9,23833.93,319236.75,97773.94,33,0,1
CUS_PROD_1648,55,Kampala,25,217052.77,120708.41,175823.56,44,0,1
CUS_PROD_1649,46,Entebbe,53,86933.41,93754.05,353597.0,10,1,0
CUS_PROD_1650,37,Gulu,7,610272.75,218490.17,308911.33,35,1,1
CUS_PROD_1651,44,Kampala,58,278143.73,199424.19,16034.66,42,1,1
CUS_PROD_1652,29,Kampala,45,11540.16,286798.81,135053.38,37,0,0
CUS_PROD_1653,27,Jinja,43,12988.15,122976.57,190220.69,25,2,1
CUS_PROD_1654,59,Kampala,17,536773.49,27091.37,156394.29,22,0,0
CUS_PROD_1655,23,Nairobi,39,32524.45,376957.32,32212.1,39,0,0
CUS_PROD_1656,59,Dar es Salaam,16,741104.87,481915.89,4905.45,38,0,0
CUS_PROD_1657,37,Gulu,57,137727.2,425181.63,78846.68,24,1,1
CUS_PROD_1658,37,Nairobi,39,51204.03,30805.39,21511.01,42,0,1
CUS_PROD_1659,53,Kampala,30,35369.63,254317.99,198515.84,22,0,0
CUS_PROD_1660,64,Gulu,51,125048.26,237583.09,228467.26,35,0,1
CUS_PROD_1661,18,Gulu,58,298425.93,2973.42,21068.36,40,1,0
CUS_PROD_1662,35,Entebbe,57,149224.91,110945.74,283210.72,18,0,0
CUS_PROD_1663,57,Kampala,38,185322.93,52201.18,401736.52,25,0,0
CUS_PROD_1664,64,Kampala,40,185246.05,17239.62,30548.95,12,0,0
CUS_PROD_1665,38,Kampala,8,482367.5,11435.05,58071.67,44,1,0
CUS_PROD_1666,49,Gulu,56,794743.52,170269.69,14234.59,29,0,0
CUS_PROD_1667,27,Entebbe,29,269978.63,172845.92,257738.76,11,0,0
CUS_PROD_1668,40,Gulu,49,563098.09,185838.62,9254.15,22,0,1
CUS_PROD_1669,49,Kampala,15,96497.69,633625.56,324813.47,42,0,0
CUS_PROD_1670,22,Entebbe,49,50701.49,130691.46,491444.6,40,1,0
CUS_PROD_1671,62,Gulu,53,133144.93,45340.1,49469.32,39,1,1
CUS_PROD_1672,20,Kampala,33,115379.89,204062.56,503.11,16,0,0
CUS_PROD_1673,65,Dar es Salaam,7,586952.98,13571.32,117278.44,9,0,1
CUS_PROD_1674,48,Gulu,44,50075.52,20913.72,235857.65,6,0,0
CUS_PROD_1675,30,Kampala,39,16475.32,159563.08,198224.46,19,0,0
CUS_PROD_1676,50,Dar es Salaam,56,158073.82,399681.4,82693.02,43,0,0
CUS_PROD_1677,26,Entebbe,37,221026.28,31861.99,142996.35,15,0,0
CUS_PROD_1678,36,Gulu,53,68693.98,73915.01,153006.82,15,1,0
CUS_PROD_1679,67,Jinja,27,39157.42,75826.32,103845.46,31,1,0
CUS_PROD_1680,70,Dar es Salaam,54,227841.52,153742.62,332399.77,24,0,1
CUS_PROD_1681,27,Nairobi,55,199016.19,251134.13,117814.01,10,0,0
CUS_PROD_1682,38,Jinja,17,697882.54,186747.76,1491.68,25,0,1
CUS_PROD_1683,72,Jinja,11,273298.56,974971.87,14789.47,17,0,0
CUS_PROD_1684,33,Gulu,50,386465.46,277695.18,57112.69,17,1,1
CUS_PROD_1685,52,Dar es Salaam,40,62197.18,6707.1,236388.18,13,0,1
CUS_PROD_1686,50,Nairobi,30,352017.72,15052.76,71362.5,13,0,0
CUS_PROD_1687,21,Gulu,2,130500.97,96103.2,280618.21,29,1,1
CUS_PROD_1688,28,Gulu,3,124085.29,8776.37,384518.46,36,0,1
CUS_PROD_1689,37,Entebbe,55,163833.68,208547.13,216803.74,39,0,0
CUS_PROD_1690,52,Kampala,32,292429.05,98749.3,133808.02,36,1,0
CUS_PROD_1691,67,Kampala,29,113458.16,321112.49,206537.15,27,1,0
CUS_PROD_1692,73,Nairobi,4,538098.0,64653.11,217452.54,23,0,0
CUS_PROD_1693,44,Kampala,59,227663.98,276560.71,56814.73,10,0,0
CUS_PROD_1694,39,Nairobi,28,95241.38,37021.83,955616.21,17,0,1
CUS_PROD_1695,40,Jinja,5,158403.92,7525.0,324179.86,9,0,0
CUS_PROD_1696,33,Dar es Salaam,39,641405.29,225348.73,68375.99,42,1,0
CUS_PROD_1697,38,Gulu,22,139016.91,2693.18,623994.35,20,0,0
CUS_PROD_1698,38,Gulu,59,329574.39,93877.67,21631.02,39,0,0
CUS_PROD_1699,51,Kampala,9,32324.79,9309.29,119618.41,19,0,0
CUS_PROD_1700,51,Kampala,52,240566.63,138526.61,385864.65,7,1,0
CUS_PROD_1701,34,Gulu,20,8273.07,178634.36,32291.74,40,1,1
CUS_PROD_1702,26,Dar es Salaam,57,33184.94,188911.57,115500.42,38,0,0
CUS_PROD_1703,58,Entebbe,33,120202.1,108447.33,89775.4,42,1,1
CUS_PROD_1704,64,Gulu,17,16959.71,204841.36,71190.54,24,1,1
CUS_PROD_1705,31,Mbarara,25,639228.14,101182.19,27689.73,27,0,1
CUS_PROD_1706,68,Gulu,30,179478.96,771730.26,20865.79,10,0,0
CUS_PROD_1707,28,Entebbe,15,40183.64,10237.45,70356.09,30,0,0
CUS_PROD_1708,48,Kampala,15,328435.5,24164.32,56797.49,26,2,0
CUS_PROD_1709,58,Kampala,18,204061.4,10499.95,14791.57,12,1,0
CUS_PROD_1710,63,Kampala,45,12372.59,62279.9,67963.83,32,1,1
CUS_PROD_1711,21,Kampala,13,243514.58,186585.25,68801.05,15,0,0
CUS_PROD_1712,24,Nairobi,6,212556.44,198490.01,149966.64,25,1,0
CUS_PROD_1713,44,Kampala,25,380198.14,111910.59,43752.56,12,2,0
CUS_PROD_1714,61,Gulu,8,357953.46,388049.74,352810.83,42,0,0
CUS_PROD_1715,30,Kampala,47,474011.06,501380.41,250344.82,18,3,0
CUS_PROD_1716,53,Gulu,13,337572.97,232358.4,229626.54,10,1,0
CUS_PROD_1717,25,Kampala,13,113897.56,277696.06,149491.73,26,1,0
CUS_PROD_1718,23,Gulu,45,91891.86,4162.35,86484.6,16,3,0
CUS_PROD_1719,60,Nairobi,8,664414.23,25748.18,378842.08,32,0,0
CUS_PROD_1720,46,Jinja,37,732641.09,212498.57,236852.42,43,0,1
CUS_PROD_1721,60,Kampala,5,95196.21,200319.14,120965.93,24,0,0
CUS_PROD_1722,55,Kampala,6,277988.66,70034.57,58913.3,24,0,0
CUS_PROD_1723,38,Gulu,21,35771.26,599057.42,130154.23,28,1,0
CUS_PROD_1724,68,Entebbe,2,29311.75,284188.44,22964.08,36,0,1
CUS_PROD_1725,25,Kampala,19,64361.06,390354.63,495813.81,19,0,0
CUS_PROD_1726,67,Gulu,50,69733.49,28306.9,239803.29,13,0,0
CUS_PROD_1727,43,Gulu,25,249591.31,656608.73,6521.83,20,0,0
CUS_PROD_1728,65,Gulu,10,46465.0,224155.76,63933.94,29,0,0
CUS_PROD_1729,48,Jinja,13,225449.19,57664.2,426816.49,44,0,1
CUS_PROD_1730,20,Entebbe,40,529675.33,302653.59,148039.15,25,2,1
CUS_PROD_1731,42,Gulu,26,30135.64,34259.87,6474.45,34,0,0
CUS_PROD_1732,26,Kampala,5,65647.0,549843.15,156501.35,21,0,0
CUS_PROD_1733,40,Gulu,16,499153.91,287780.69,196149.29,11,1,0
CUS_PROD_1734,55,Dar es Salaam,11,777141.81,129769.17,68579.79,10,2,0
CUS_PROD_1735,24,Gulu,31,257608.64,287239.39,109889.09,26,0,0
CUS_PROD_1736,67,Gulu,5,157444.83,229725.24,150883.35,19,0,0
CUS_PROD_1737,69,Nairobi,59,610569.88,101809.37,181550.94,19,0,0
CUS_PROD_1738,63,Gulu,53,515781.99,208891.6,28841.44,18,0,0
CUS_PROD_1739,54,Kampala,12,368769.62,41976.31,18921.39,26,0,1
CUS_PROD_1740,28,Gulu,50,343060.89,17459.03,131893.07,36,0,0
CUS_PROD_1741,70,Jinja,17,332158.46,17664.41,77573.82,20,1,0
CUS_PROD_1742,45,Kampala,26,175165.75,32253.26,158948.9,11,0,0
CUS_PROD_1743,37,Gulu,47,59260.39,379396.92,181668.03,21,0,0
CUS_PROD_1744,25,Kampala,56,319213.59,12780.42,286634.5,28,0,0
CUS_PROD_1745,58,Gulu,5,233151.2,40788.96,167962.57,29,0,0
CUS_PROD_1746,54,Dar es Salaam,27,382052.26,195187.01,36669.28,14,0,0
CUS_PROD_1747,47,Gulu,15,21460.96,283157.38,190415.51,18,2,0
CUS_PROD_1748,28,Gulu,19,375068.47,96577.57,5621.68,25,0,0
CUS_PROD_1749,24,Kampala,13,105793.06,40097.01,312535.5,6,0,0
CUS_PROD_1750,29,Gulu,46,613293.79,18919.25,90592.52,18,1,0
CUS_PROD_1751,63,Dar es Salaam,54,655735.36,22251.85,16003.6,22,0,0
CUS_PROD_1752,42,Kampala,25,484520.87,27053.75,102037.05,8,0,0
CUS_PROD_1753,20,Kampala,41,371497.42,777860.87,45682.78,18,0,0
CUS_PROD_1754,22,Nairobi,56,458343.63,92440.21,25716.01,28,0,0
CUS_PROD_1755,29,Entebbe,58,305798.84,3238.18,124623.68,26,1,0
CUS_PROD_1756,49,Mbarara,24,173731.61,274358.86,401014.16,6,0,0
CUS_PROD_1757,46,Nairobi,35,127082.23,180882.13,184634.37,11,1,0
CUS_PROD_1758,28,Kampala,2,64333.32,199682.77,112480.77,31,0,1
CUS_PROD_1759,37,Kampala,23,181486.76,155126.02,198527.37,21,0,0
CUS_PROD_1760,47,Jinja,16,201333.33,252590.34,40489.85,31,1,1
CUS_PROD_1761,40,Gulu,41,99115.23,145457.02,45665.02,6,0,0
CUS_PROD_1762,45,Kampala,37,382321.9,75798.26,141768.61,20,1,0
CUS_PROD_1763,37,Kampala,43,59105.8,188063.14,92295.29,27,0,0
CUS_PROD_1764,57,Entebbe,27,148879.69,332908.56,61649.8,15,0,1
CUS_PROD_1765,40,Entebbe,29,349369.88,329742.77,144985.62,30,0,0
CUS_PROD_1766,51,Dar es Salaam,46,51796.71,266869.67,140149.1,44,3,1
CUS_PROD_1767,32,Kampala,26,404333.12,412964.06,281515.73,9,0,0
CUS_PROD_1768,28,Kampala,25,197975.38,51641.38,149480.77,16,0,0
CUS_PROD_1769,35,Entebbe,20,68714.4,57475.58,326260.51,17,0,0
CUS_PROD_1770,22,Gulu,52,828491.9,133563.5,101496.77,23,0,0
CUS_PROD_1771,67,Nairobi,33,7863.48,9268.19,274551.67,15,0,0
CUS_PROD_1772,42,Jinja,8,84215.12,20997.05,40604.34,16,1,0
CUS_PROD_1773,41,Dar es Salaam,48,381636.22,204311.58,29862.5,15,0,0
CUS_PROD_1774,54,Entebbe,52,22608.76,309777.51,92689.73,33,0,0
CUS_PROD_1775,44,Kampala,37,284153.6,257635.96,24918.8,8,1,0
CUS_PROD_1776,56,Kampala,38,238621.48,252840.33,604138.79,40,0,1
CUS_PROD_1777,52,Jinja,43,390074.26,28395.68,24909.5,28,0,1
CUS_PROD_1778,25,Gulu,50,72524.1,108522.58,96946.23,44,2,0
CUS_PROD_1779,54,Kampala,18,79027.85,44356.67,66466.12,25,1,0
CUS_PROD_1780,52,Kampala,50,1148375.54,149448.65,43452.42,40,1,1
CUS_PROD_1781,71,Gulu,23,238892.77,210004.5,9054.88,26,0,0
CUS_PROD_1782,35,Nairobi,6,600593.93,312383.01,312557.75,40,1,1
CUS_PROD_1783,21,Mbarara,14,302117.65,171901.58,74928.25,20,2,0
CUS_PROD_1784,46,Nairobi,35,81697.54,27066.65,133642.4,14,3,0
CUS_PROD_1785,18,Kampala,20,121972.2,20491.58,169035.7,21,0,0
CUS_PROD_1786,18,Jinja,37,45925.0,169741.75,135426.83,43,1,0
CUS_PROD_1787,25,Gulu,17,456798.72,108295.1,145509.83,22,1,1
CUS_PROD_1788,45,Gulu,28,378226.07,360670.72,68577.53,24,1,0
CUS_PROD_1789,67,Dar es Salaam,31,431610.6,123562.97,65475.42,26,0,1
CUS_PROD_1790,25,Jinja,21,137261.27,405512.94,68870.74,6,1,0
CUS_PROD_1791,20,Nairobi,22,162597.54,618689.22,182263.3,29,1,1
CUS_PROD_1792,28,Gulu,58,148460.11,181929.05,52025.93,26,1,0
CUS_PROD_1793,42,Kampala,37,27121.89,897004.48,55829.99,41,1,0
CUS_PROD_1794,62,Gulu,55,223021.27,833043.5,215914.96,34,1,1
CUS_PROD_1795,56,Gulu,45,428979.03,3709.39,46953.38,37,0,0
CUS_PROD_1796,67,Kampala,34,355298.25,123715.15,263401.42,24,0,1
CUS_PROD_1797,31,Dar es Salaam,32,29103.72,118318.95,112408.68,6,0,0
CUS_PROD_1798,44,Kampala,43,397019.34,350454.01,97684.04,19,0,0
CUS_PROD_1799,59,Nairobi,9,17926.43,371420.15,528845.41,13,2,0
CUS_PROD_1800,23,Gulu,18,115407.81,343898.31,348.04,14,0,0
CUS_PROD_1801,19,Gulu,11,36514.85,79369.18,49251.07,20,0,0
CUS_PROD_1802,61,Entebbe,29,1214513.8,137650.39,54650.56,10,1,0
CUS_PROD_1803,34,Gulu,50,167426.91,72028.53,175412.29,8,0,0
CUS_PROD_1804,36,Entebbe,23,392485.41,102046.26,50972.33,28,0,1
CUS_PROD_1805,57,Kampala,52,33768.11,763523.12,29230.51,34,1,0
CUS_PROD_1806,71,Kampala,38,1302284.7,48926.24,8172.0,42,2,0
CUS_PROD_1807,62,Gulu,36,255688.59,223497.84,31483.61,15,0,0
CUS_PROD_1808,56,Mbarara,10,146410.3,422839.72,203407.86,17,0,0
CUS_PROD_1809,53,Jinja,36,238944.9,272155.28,205.15,44,0,1
CUS_PROD_1810,44,Entebbe,15,34603.36,680567.91,758114.82,23,0,0
CUS_PROD_1811,53,Gulu,25,433034.06,408125.92,110152.18,10,2,0
CUS_PROD_1812,50,Kampala,23,224003.89,236233.81,34561.15,40,0,0
CUS_PROD_1813,46,Kampala,39,6317.83,228070.49,41817.21,28,0,0
CUS_PROD_1814,59,Kampala,9,25500.75,338709.62,2880.45,26,1,1
CUS_PROD_1815,21,Kampala,31,114568.9,154988.26,66971.66,39,2,0
CUS_PROD_1816,40,Dar es Salaam,26,121478.79,41579.8,201173.98,18,1,0
CUS_PROD_1817,38,Gulu,31,151706.33,174313.66,167099.87,11,1,0
CUS_PROD_1818,52,Gulu,33,58071.69,207543.23,446776.43,33,1,0
CUS_PROD_1819,54,Mbarara,39,155827.27,67747.17,126466.95,42,0,1
CUS_PROD_1820,60,Nairobi,27,780648.85,667295.6,10375.12,6,0,0
CUS_PROD_1821,32,Entebbe,48,129859.47,343354.85,604926.45,17,2,0
CUS_PROD_1822,24,Gulu,47,5904.69,171862.29,38041.99,11,0,0
CUS_PROD_1823,32,Jinja,18,7033.72,116923.9,39625.47,14,1,0
CUS_PROD_1824,27,Entebbe,13,124434.66,258656.8,165659.72,26,1,1
CUS_PROD_1825,53,Kampala,36,63816.45,63557.36,1250.94,13,0,0
CUS_PROD_1826,39,Gulu,39,161438.32,271972.62,146619.66,22,0,0
CUS_PROD_1827,59,Entebbe,27,440773.97,48934.05,25488.13,39,0,0
CUS_PROD_1828,72,Gulu,11,73324.45,273774.49,77892.32,27,0,0
CUS_PROD_1829,33,Nairobi,43,202670.8,132630.06,17187.8,29,0,1
CUS_PROD_1830,66,Nairobi,54,297343.02,343595.81,61839.18,24,1,1
CUS_PROD_1831,66,Kampala,51,530862.93,122295.69,420636.92,15,2,0
CUS_PROD_1832,58,Kampala,24,298781.48,86638.91,141963.27,10,3,0
CUS_PROD_1833,25,Gulu,16,53982.19,75778.18,134925.77,26,0,0
CUS_PROD_1834,25,Gulu,45,201798.3,72752.33,61202.97,5,1,0
CUS_PROD_1835,54,Kampala,12,96192.05,455687.05,314641.53,16,1,0
CUS_PROD_1836,44,Kampala,57,182248.29,793479.88,223748.25,30,0,1
CUS_PROD_1837,56,Gulu,9,22368.16,31892.77,98361.37,15,0,0
CUS_PROD_1838,65,Gulu,15,581784.09,33066.91,37592.89,18,0,0
CUS_PROD_1839,69,Gulu,22,345118.93,445352.77,211422.1,38,1,1
CUS_PROD_1840,71,Kampala,55,239337.77,429773.3,118689.45,22,1,1
CUS_PROD_1841,41,Gulu,46,1026022.62,63692.59,681231.22,28,0,0
CUS_PROD_1842,52,Dar es Salaam,4,163335.95,506430.49,25748.06,20,0,0
CUS_PROD_1843,68,Kampala,37,1766.85,513358.82,138157.0,15,0,0
CUS_PROD_1844,57,Kampala,26,2866.81,206895.82,53372.52,19,0,0
CUS_PROD_1845,66,Gulu,10,115977.23,32289.75,159530.5,18,0,0
CUS_PROD_1846,29,Kampala,6,576026.32,538687.47,15648.67,31,0,0
CUS_PROD_1847,41,Gulu,14,646335.87,264760.38,149317.93,5,0,0
CUS_PROD_1848,59,Dar es Salaam,56,153714.6,84529.37,364267.74,18,0,0
CUS_PROD_1849,58,Jinja,48,244822.32,42745.27,182304.14,6,0,1
CUS_PROD_1850,65,Gulu,5,119978.99,8433.18,4605.26,5,0,1
CUS_PROD_1851,62,Gulu,4,119153.73,13985.22,175396.38,33,1,1
CUS_PROD_1852,64,Kampala,40,43190.97,25084.18,141321.32,20,2,1
CUS_PROD_1853,60,Dar es Salaam,32,51611.25,67571.23,50442.99,30,0,1
CUS_PROD_1854,47,Gulu,15,240620.42,713452.64,277274.06,8,1,0
CUS_PROD_1855,36,Entebbe,45,194656.44,206824.57,56722.62,24,0,1
CUS_PROD_1856,52,Kampala,44,169303.05,465041.88,393608.88,40,0,0
CUS_PROD_1857,47,Kampala,44,264808.32,400388.85,2958.42,43,1,1
CUS_PROD_1858,51,Kampala,4,363045.24,383833.33,112895.97,43,1,1
CUS_PROD_1859,40,Kampala,51,185874.92,72153.74,151155.08,31,1,1
CUS_PROD_1860,54,Kampala,53,9675.42,435971.96,47062.35,15,1,0
CUS_PROD_1861,33,Kampala,12,595997.33,124523.77,187359.64,30,0,0
CUS_PROD_1862,58,Gulu,21,185067.96,340646.81,82236.18,39,0,0
CUS_PROD_1863,19,Kampala,38,171574.86,175395.35,59163.77,18,0,0
CUS_PROD_1864,66,Kampala,58,134722.63,208247.64,17021.77,30,0,0
CUS_PROD_1865,53,Entebbe,39,68152.04,189250.92,150419.74,11,1,0
CUS_PROD_1866,40,Gulu,7,241236.62,179350.36,2969.03,13,3,0
CUS_PROD_1867,46,Gulu,19,16672.22,11363.73,68293.02,40,0,0
CUS_PROD_1868,44,Gulu,37,182277.22,29552.52,537131.15,19,1,0
CUS_PROD_1869,43,Kampala,12,196603.82,69811.99,554249.22,26,0,1
CUS_PROD_1870,35,Entebbe,17,342623.59,30762.57,60008.24,26,0,1
CUS_PROD_1871,19,Entebbe,30,156218.33,434335.27,74975.71,34,1,0
CUS_PROD_1872,38,Jinja,1,358771.83,426960.45,130463.13,13,0,0
CUS_PROD_1873,20,Entebbe,34,495171.31,606020.13,243484.38,8,0,0
CUS_PROD_1874,47,Entebbe,35,48786.65,34228.87,138652.17,29,0,1
CUS_PROD_1875,50,Nairobi,7,155901.83,205696.01,418302.83,36,1,0
CUS_PROD_1876,60,Kampala,13,2566.49,904240.99,60322.94,5,2,0
CUS_PROD_1877,48,Gulu,40,17930.19,66176.68,275930.77,34,0,0
CUS_PROD_1878,70,Gulu,42,42881.17,88185.58,35214.33,8,1,0
CUS_PROD_1879,64,Kampala,15,283958.53,75339.13,429833.88,21,4,1
CUS_PROD_1880,44,Gulu,26,334629.64,58504.16,309950.69,25,0,1
CUS_PROD_1881,47,Kampala,26,95818.29,270338.39,74532.55,29,0,1
CUS_PROD_1882,51,Gulu,12,85359.86,436205.95,40919.63,13,0,0
CUS_PROD_1883,71,Gulu,53,88206.52,212437.06,67784.76,26,1,0
CUS_PROD_1884,30,Mbarara,13,2021891.35,511326.82,126188.87,37,1,1
CUS_PROD_1885,68,Jinja,57,164650.93,25585.28,262550.94,15,1,1
CUS_PROD_1886,73,Gulu,11,1212752.95,24080.31,110870.1,44,1,0
CUS_PROD_1887,60,Nairobi,4,108511.68,77316.11,97927.57,14,0,0
CUS_PROD_1888,31,Gulu,36,56096.31,1007978.43,250069.93,33,1,0
CUS_PROD_1889,74,Nairobi,10,607412.3,305548.34,105105.45,32,1,0
CUS_PROD_1890,43,Gulu,18,73835.99,374101.03,133843.38,25,0,1
CUS_PROD_1891,48,Dar es Salaam,31,646842.14,193163.9,73553.19,7,2,1
CUS_PROD_1892,21,Kampala,5,57330.64,169182.74,33925.31,18,1,0
CUS_PROD_1893,38,Kampala,2,272331.35,136707.43,77797.1,39,1,1
CUS_PROD_1894,20,Gulu,13,12658.52,80699.88,18332.16,31,2,0
CUS_PROD_1895,54,Mbarara,23,143061.58,11333.41,199416.76,20,0,0
CUS_PROD_1896,72,Kampala,53,339436.75,299272.52,1491.72,5,1,0
CUS_PROD_1897,54,Gulu,33,146863.45,243556.31,344433.93,36,0,0
CUS_PROD_1898,21,Entebbe,28,463537.69,535641.79,219570.75,5,0,0
CUS_PROD_1899,52,Nairobi,5,113454.53,52619.19,114044.7,6,1,0
CUS_PROD_1900,35,Kampala,40,213965.44,9364.29,356235.76,8,0,0
CUS_PROD_1901,59,Entebbe,59,87707.13,74537.56,136307.62,20,1,0
CUS_PROD_1902,57,Dar es Salaam,22,760839.64,232288.37,20915.89,24,0,0
CUS_PROD_1903,51,Entebbe,44,4952.92,22275.97,31149.78,38,0,1
CUS_PROD_1904,63,Gulu,20,130933.5,219414.78,153485.08,35,0,0
CUS_PROD_1905,70,Kampala,11,1007017.38,606322.24,192773.07,25,0,0
CUS_PROD_1906,50,Kampala,7,54761.68,440650.87,110248.59,10,0,0
CUS_PROD_1907,19,Nairobi,38,759450.24,26066.63,172407.12,24,0,1
CUS_PROD_1908,38,Jinja,28,253050.29,188995.01,109722.63,25,1,0
CUS_PROD_1909,50,Nairobi,46,202015.25,16886.99,189711.64,39,0,1
CUS_PROD_1910,69,Nairobi,8,262409.55,73023.59,5998.22,31,1,1
CUS_PROD_1911,49,Gulu,57,204340.41,79387.32,13720.58,10,0,0
CUS_PROD_1912,41,Entebbe,29,123151.43,160852.6,26369.58,43,1,0
CUS_PROD_1913,21,Kampala,29,157681.22,46282.78,40327.07,38,1,1
CUS_PROD_1914,28,Kampala,18,504992.79,465192.71,405051.42,20,0,0
CUS_PROD_1915,56,Gulu,48,233153.55,45739.6,121224.51,19,3,1
CUS_PROD_1916,50,Jinja,50,155655.03,103000.07,28740.92,12,2,0
CUS_PROD_1917,63,Gulu,6,286013.93,342808.4,519631.59,14,0,0
CUS_PROD_1918,20,Nairobi,16,328010.92,481799.05,49760.16,13,0,1
CUS_PROD_1919,35,Nairobi,54,208076.92,319144.78,138014.89,17,0,0
CUS_PROD_1920,51,Gulu,21,97890.96,381971.86,107415.77,26,0,0
CUS_PROD_1921,68,Dar es Salaam,51,216659.48,124177.48,7140.14,44,2,0
CUS_PROD_1922,38,Kampala,29,596188.13,21178.38,46278.59,23,0,0
CUS_PROD_1923,26,Kampala,49,114185.56,27358.07,8318.62,22,1,0
CUS_PROD_1924,25,Kampala,36,659037.11,110729.41,186883.84,14,0,0
CUS_PROD_1925,58,Nairobi,37,217438.22,83362.42,135746.26,34,1,1
CUS_PROD_1926,40,Kampala,12,2427.48,337808.68,91319.09,28,0,0
CUS_PROD_1927,65,Mbarara,39,62409.04,133827.75,20804.44,19,1,1
CUS_PROD_1928,21,Jinja,44,225728.09,88290.88,174905.33,6,2,0
CUS_PROD_1929,42,Dar es Salaam,6,2161.49,285874.67,155040.76,43,0,0
CUS_PROD_1930,38,Gulu,48,297956.1,18161.27,88331.33,23,2,1
CUS_PROD_1931,74,Kampala,20,991319.03,116345.12,205488.43,27,1,1
CUS_PROD_1932,28,Nairobi,54,4333.96,382891.67,92490.74,26,0,1
CUS_PROD_1933,25,Gulu,39,294825.72,17535.72,7619.7,22,0,1
CUS_PROD_1934,58,Kampala,32,1505998.49,319956.15,364412.43,24,0,1
CUS_PROD_1935,29,Entebbe,7,194621.11,73279.71,91896.74,12,0,0
CUS_PROD_1936,61,Nairobi,6,844295.99,539366.56,1438.24,5,1,0
CUS_PROD_1937,71,Dar es Salaam,18,14833.27,200673.12,27499.27,8,0,0
CUS_PROD_1938,65,Gulu,9,61609.97,307710.09,48843.4,34,0,0
CUS_PROD_1939,59,Kampala,10,507355.99,327254.63,36372.62,7,1,1
CUS_PROD_1940,72,Gulu,43,414673.28,89272.18,134305.71,16,1,1
CUS_PROD_1941,30,Nairobi,50,570462.6,121490.1,3435.87,18,1,0
CUS_PROD_1942,32,Entebbe,54,441144.77,14416.71,133668.69,15,0,0
CUS_PROD_1943,45,Jinja,42,36354.06,111529.73,20224.89,39,1,1
CUS_PROD_1944,48,Entebbe,14,1502823.37,353357.35,224856.61,11,0,0
CUS_PROD_1945,58,Mbarara,28,266667.33,184118.1,94468.22,8,0,0
CUS_PROD_1946,22,Nairobi,30,49013.67,184435.52,137808.71,18,0,0
CUS_PROD_1947,58,Kampala,36,105205.76,1111159.93,16810.95,6,1,0
CUS_PROD_1948,27,Jinja,28,18234.85,264834.47,69101.8,19,1,0
CUS_PROD_1949,62,Nairobi,14,137038.74,69495.79,187009.21,36,0,1
CUS_PROD_1950,51,Jinja,8,293729.39,198823.41,25540.31,9,0,1
CUS_PROD_1951,61,Mbarara,16,76188.64,586097.2,8871.41,39,0,1
CUS_PROD_1952,44,Entebbe,41,340399.31,16572.38,15199.95,34,0,0
CUS_PROD_1953,68,Gulu,51,67080.27,331757.48,46221.85,17,1,0
CUS_PROD_1954,18,Gulu,23,345505.9,87425.63,101647.22,13,1,0
CUS_PROD_1955,61,Entebbe,25,47.37,356633.05,15372.67,6,0,0
CUS_PROD_1956,32,Nairobi,29,198486.16,444915.47,87332.38,36,0,0
CUS_PROD_1957,52,Nairobi,55,1726.3,147275.8,248310.3,16,0,1
CUS_PROD_1958,55,Nairobi,2,81612.85,73473.82,57437.52,38,0,0
CUS_PROD_1959,35,Entebbe,23,279141.13,191356.07,367282.1,26,0,0
CUS_PROD_1960,72,Nairobi,9,448911.17,276273.68,63411.2,5,1,0
CUS_PROD_1961,46,Kampala,1,136155.95,66178.88,184995.38,44,0,0
CUS_PROD_1962,47,Gulu,21,329761.45,141035.06,494266.65,29,0,0
CUS_PROD_1963,60,Kampala,38,507625.98,470515.5,10187.66,5,2,0
CUS_PROD_1964,56,Gulu,38,158477.0,198048.31,66182.6,12,0,0
CUS_PROD_1965,64,Entebbe,55,165956.46,63544.87,128750.33,41,0,0
CUS_PROD_1966,48,Jinja,9,1022358.01,214003.7,1186.22,8,0,0
CUS_PROD_1967,30,Kampala,54,518455.33,299996.58,265754.98,36,1,1
CUS_PROD_1968,41,Kampala,10,90275.29,190151.22,374076.82,12,1,0
CUS_PROD_1969,20,Nairobi,26,25460.69,44349.47,30001.33,13,1,1
CUS_PROD_1970,19,Entebbe,11,175167.24,187446.14,133888.17,26,1,0
CUS_PROD_1971,62,Kampala,1,616489.87,25486.05,55836.46,35,0,0
CUS_PROD_1972,39,Kampala,34,193778.16,257296.83,3825.95,21,1,0
CUS_PROD_1973,55,Gulu,59,210079.33,277919.5,17288.74,29,0,0
CUS_PROD_1974,36,Nairobi,2,9185.89,116309.64,34712.7,24,2,0
CUS_PROD_1975,37,Gulu,8,87187.2,67427.26,118204.62,38,2,0
CUS_PROD_1976,50,Gulu,2,141749.27,65736.21,306317.74,29,0,1
CUS_PROD_1977,72,Jinja,12,497057.46,352262.03,64402.65,31,0,0
CUS_PROD_1978,45,Gulu,41,56496.94,71062.73,503359.59,23,1,1
CUS_PROD_1979,58,Gulu,10,166343.99,45852.41,389321.91,36,1,1
CUS_PROD_1980,44,Entebbe,15,410850.92,402893.56,102227.75,40,2,0
CUS_PROD_1981,34,Gulu,34,72209.41,14378.88,492218.77,35,0,0
CUS_PROD_1982,69,Entebbe,28,80831.81,14050.1,136562.02,17,0,0
CUS_PROD_1983,55,Jinja,38,26596.31,150160.92,167593.61,42,1,0
CUS_PROD_1984,52,Gulu,16,193762.35,492702.9,397326.33,38,3,1
CUS_PROD_1985,73,Kampala,12,65613.47,89925.21,126894.08,39,0,0
CUS_PROD_1986,19,Kampala,38,141568.85,15173.29,208023.27,24,0,0
CUS_PROD_1987,29,Jinja,53,182096.64,149328.88,33688.95,29,1,1
CUS_PROD_1988,52,Gulu,3,93172.88,201749.87,338692.56,21,1,0
CUS_PROD_1989,69,Nairobi,35,220542.18,197943.61,106599.08,31,1,1
CUS_PROD_1990,69,Gulu,10,2919.89,42432.52,24248.69,41,1,1
CUS_PROD_1991,29,Kampala,44,340135.42,352983.48,237750.21,22,0,0
CUS_PROD_1992,50,Gulu,6,660570.25,7173.71,91282.37,35,0,1
CUS_PROD_1993,73,Kampala,4,375838.02,364946.41,212270.48,30,0,0
CUS_PROD_1994,20,Kampala,4,53772.57,57641.64,114473.1,6,1,0
CUS_PROD_1995,50,Kampala,45,38812.59,339292.68,759.88,38,1,1
CUS_PROD_1996,68,Kampala,10,184008.91,99748.21,39541.96,37,2,1
CUS_PROD_1997,30,Gulu,26,40518.92,238157.24,71843.88,16,1,0
CUS_PROD_1998,59,Gulu,27,190895.55,465.86,158385.33,34,0,1
CUS_PROD_1999,66,Jinja,5,20095.8,86925.27,117868.52,9,0,0
